"epoch","CNN - _step","CNN - _step__MIN","CNN - _step__MAX","CNN - validate_no_aug_accuracy/dataloader_idx_1","CNN - validate_no_aug_accuracy/dataloader_idx_1__MIN","CNN - validate_no_aug_accuracy/dataloader_idx_1__MAX","LLN-random_patches - _step","LLN-random_patches - _step__MIN","LLN-random_patches - _step__MAX","LLN-random_patches - validate_no_aug_accuracy/dataloader_idx_1","LLN-random_patches - validate_no_aug_accuracy/dataloader_idx_1__MIN","LLN-random_patches - validate_no_aug_accuracy/dataloader_idx_1__MAX","LLN-convFalse - _step","LLN-convFalse - _step__MIN","LLN-convFalse - _step__MAX","LLN-convFalse - validate_no_aug_accuracy/dataloader_idx_1","LLN-convFalse - validate_no_aug_accuracy/dataloader_idx_1__MIN","LLN-convFalse - validate_no_aug_accuracy/dataloader_idx_1__MAX","LLN-ours - _step","LLN-ours - _step__MIN","LLN-ours - _step__MAX","LLN-ours - validate_no_aug_accuracy/dataloader_idx_1","LLN-ours - validate_no_aug_accuracy/dataloader_idx_1__MIN","LLN-ours - validate_no_aug_accuracy/dataloader_idx_1__MAX"
"0","15","15","15","0.5175999999046326","0.5175999999046326","0.5175999999046326","15","15","15","0.5782999992370605","0.5782999992370605","0.5782999992370605","15","15","15","0.6780999898910522","0.6780999898910522","0.6780999898910522","15","15","15","0.6575000286102295","0.6575000286102295","0.6575000286102295"
"1","32","32","32","0.5568000078201294","0.5568000078201294","0.5568000078201294","32","32","32","0.6121000051498413","0.6121000051498413","0.6121000051498413","32","32","32","0.6809999942779541","0.6809999942779541","0.6809999942779541","32","32","32","0.6909999847412109","0.6909999847412109","0.6909999847412109"
"2","48","48","48","0.5551999807357788","0.5551999807357788","0.5551999807357788","48","48","48","0.6194000244140625","0.6194000244140625","0.6194000244140625","48","48","48","0.6926000118255615","0.6926000118255615","0.6926000118255615","48","48","48","0.6960999965667725","0.6960999965667725","0.6960999965667725"
"3","65","65","65","0.5784000158309937","0.5784000158309937","0.5784000158309937","65","65","65","0.6123999953269958","0.6123999953269958","0.6123999953269958","65","65","65","0.7064999938011169","0.7064999938011169","0.7064999938011169","65","65","65","0.7092999815940857","0.7092999815940857","0.7092999815940857"
"4","82","82","82","0.6194999814033508","0.6194999814033508","0.6194999814033508","82","82","82","0.6341000199317932","0.6341000199317932","0.6341000199317932","82","82","82","0.7224000096321106","0.7224000096321106","0.7224000096321106","82","82","82","0.7152000069618225","0.7152000069618225","0.7152000069618225"
"5","98","98","98","0.6097000241279602","0.6097000241279602","0.6097000241279602","98","98","98","0.6331999897956848","0.6331999897956848","0.6331999897956848","98","98","98","0.7077000141143799","0.7077000141143799","0.7077000141143799","98","98","98","0.7224000096321106","0.7224000096321106","0.7224000096321106"
"6","115","115","115","0.6093999743461609","0.6093999743461609","0.6093999743461609","115","115","115","0.6554999947547913","0.6554999947547913","0.6554999947547913","115","115","115","0.7199000120162964","0.7199000120162964","0.7199000120162964","115","115","115","0.7336000204086304","0.7336000204086304","0.7336000204086304"
"7","132","132","132","0.6215999722480774","0.6215999722480774","0.6215999722480774","132","132","132","0.646399974822998","0.646399974822998","0.646399974822998","132","132","132","0.7027999758720398","0.7027999758720398","0.7027999758720398","132","132","132","0.7258999943733215","0.7258999943733215","0.7258999943733215"
"8","148","148","148","0.633400022983551","0.633400022983551","0.633400022983551","148","148","148","0.6554999947547913","0.6554999947547913","0.6554999947547913","148","148","148","0.7246999740600586","0.7246999740600586","0.7246999740600586","148","148","148","0.7315000295639038","0.7315000295639038","0.7315000295639038"
"9","165","165","165","0.6234999895095825","0.6234999895095825","0.6234999895095825","165","165","165","0.6499999761581421","0.6499999761581421","0.6499999761581421","165","165","165","0.7202000021934509","0.7202000021934509","0.7202000021934509","165","165","165","0.7396000027656555","0.7396000027656555","0.7396000027656555"
"10","182","182","182","0.6534000039100647","0.6534000039100647","0.6534000039100647","182","182","182","0.6541000008583069","0.6541000008583069","0.6541000008583069","182","182","182","0.7197999954223633","0.7197999954223633","0.7197999954223633","182","182","182","0.7416999936103821","0.7416999936103821","0.7416999936103821"
"11","198","198","198","0.6297000050544739","0.6297000050544739","0.6297000050544739","198","198","198","0.6535999774932861","0.6535999774932861","0.6535999774932861","198","198","198","0.7282000184059143","0.7282000184059143","0.7282000184059143","198","198","198","0.7427999973297119","0.7427999973297119","0.7427999973297119"
"12","215","215","215","0.6568999886512756","0.6568999886512756","0.6568999886512756","215","215","215","0.6728000044822693","0.6728000044822693","0.6728000044822693","215","215","215","0.7286999821662903","0.7286999821662903","0.7286999821662903","215","215","215","0.7342000007629395","0.7342000007629395","0.7342000007629395"
"13","231","231","231","0.6338000297546387","0.6338000297546387","0.6338000297546387","231","231","231","0.6771000027656555","0.6771000027656555","0.6771000027656555","231","231","231","0.7307000160217285","0.7307000160217285","0.7307000160217285","231","231","231","0.7441999912261963","0.7441999912261963","0.7441999912261963"
"14","248","248","248","0.6682999730110168","0.6682999730110168","0.6682999730110168","248","248","248","0.6629999876022339","0.6629999876022339","0.6629999876022339","248","248","248","0.7289999723434448","0.7289999723434448","0.7289999723434448","248","248","248","0.7498000264167786","0.7498000264167786","0.7498000264167786"
"15","265","265","265","0.6636999845504761","0.6636999845504761","0.6636999845504761","265","265","265","0.6726999878883362","0.6726999878883362","0.6726999878883362","265","265","265","0.7297000288963318","0.7297000288963318","0.7297000288963318","265","265","265","0.7351999878883362","0.7351999878883362","0.7351999878883362"
"16","281","281","281","0.6654000282287598","0.6654000282287598","0.6654000282287598","281","281","281","0.6657999753952026","0.6657999753952026","0.6657999753952026","281","281","281","0.7401000261306763","0.7401000261306763","0.7401000261306763","281","281","281","0.7437000274658203","0.7437000274658203","0.7437000274658203"
"17","298","298","298","0.6589999794960022","0.6589999794960022","0.6589999794960022","298","298","298","0.6697999835014343","0.6697999835014343","0.6697999835014343","298","298","298","0.7307999730110168","0.7307999730110168","0.7307999730110168","298","298","298","0.7443000078201294","0.7443000078201294","0.7443000078201294"
"18","315","315","315","0.6769000291824341","0.6769000291824341","0.6769000291824341","315","315","315","0.6793000102043152","0.6793000102043152","0.6793000102043152","315","315","315","0.7193999886512756","0.7193999886512756","0.7193999886512756","315","315","315","0.7422000169754028","0.7422000169754028","0.7422000169754028"
"19","331","331","331","0.6496999859809875","0.6496999859809875","0.6496999859809875","331","331","331","0.6807000041007996","0.6807000041007996","0.6807000041007996","331","331","331","0.7346000075340271","0.7346000075340271","0.7346000075340271","331","331","331","0.7445999979972839","0.7445999979972839","0.7445999979972839"
"20","348","348","348","0.6764000058174133","0.6764000058174133","0.6764000058174133","348","348","348","0.6790000200271606","0.6790000200271606","0.6790000200271606","348","348","348","0.7324000000953674","0.7324000000953674","0.7324000000953674","348","348","348","0.7436000108718872","0.7436000108718872","0.7436000108718872"
"21","365","365","365","0.6665999889373779","0.6665999889373779","0.6665999889373779","365","365","365","0.6748999953269958","0.6748999953269958","0.6748999953269958","365","365","365","0.7246000170707703","0.7246000170707703","0.7246000170707703","365","365","365","0.7426999807357788","0.7426999807357788","0.7426999807357788"
"22","381","381","381","0.6643000245094299","0.6643000245094299","0.6643000245094299","381","381","381","0.6877999901771545","0.6877999901771545","0.6877999901771545","381","381","381","0.7311000227928162","0.7311000227928162","0.7311000227928162","381","381","381","0.7595999836921692","0.7595999836921692","0.7595999836921692"
"23","398","398","398","0.694100022315979","0.694100022315979","0.694100022315979","398","398","398","0.6626999974250793","0.6626999974250793","0.6626999974250793","398","398","398","0.7269999980926514","0.7269999980926514","0.7269999980926514","398","398","398","0.7391999959945679","0.7391999959945679","0.7391999959945679"
"24","415","415","415","0.6730999946594238","0.6730999946594238","0.6730999946594238","415","415","415","0.6862000226974487","0.6862000226974487","0.6862000226974487","415","415","415","0.7311999797821045","0.7311999797821045","0.7311999797821045","415","415","415","0.7555999755859375","0.7555999755859375","0.7555999755859375"
"25","431","431","431","0.6920999884605408","0.6920999884605408","0.6920999884605408","431","431","431","0.6876999735832214","0.6876999735832214","0.6876999735832214","431","431","431","0.7366999983787537","0.7366999983787537","0.7366999983787537","431","431","431","0.7524999976158142","0.7524999976158142","0.7524999976158142"
"26","448","448","448","0.694100022315979","0.694100022315979","0.694100022315979","448","448","448","0.6869999766349792","0.6869999766349792","0.6869999766349792","448","448","448","0.7297999858856201","0.7297999858856201","0.7297999858856201","448","448","448","0.7645999789237976","0.7645999789237976","0.7645999789237976"
"27","464","464","464","0.6985999941825867","0.6985999941825867","0.6985999941825867","464","464","464","0.6880999803543091","0.6880999803543091","0.6880999803543091","464","464","464","0.7319999933242798","0.7319999933242798","0.7319999933242798","464","464","464","0.7585999965667725","0.7585999965667725","0.7585999965667725"
"28","481","481","481","0.6960999965667725","0.6960999965667725","0.6960999965667725","481","481","481","0.6915000081062317","0.6915000081062317","0.6915000081062317","481","481","481","0.7333999872207642","0.7333999872207642","0.7333999872207642","481","481","481","0.7608000040054321","0.7608000040054321","0.7608000040054321"
"29","498","498","498","0.6917999982833862","0.6917999982833862","0.6917999982833862","498","498","498","0.6912000179290771","0.6912000179290771","0.6912000179290771","498","498","498","0.7361000180244446","0.7361000180244446","0.7361000180244446","498","498","498","0.7591000199317932","0.7591000199317932","0.7591000199317932"
"30","514","514","514","0.6938999891281128","0.6938999891281128","0.6938999891281128","514","514","514","0.6952000260353088","0.6952000260353088","0.6952000260353088","514","514","514","0.7390000224113464","0.7390000224113464","0.7390000224113464","514","514","514","0.7577000260353088","0.7577000260353088","0.7577000260353088"
"31","531","531","531","0.6793000102043152","0.6793000102043152","0.6793000102043152","531","531","531","0.6830999851226807","0.6830999851226807","0.6830999851226807","531","531","531","0.7350999712944031","0.7350999712944031","0.7350999712944031","531","531","531","0.7623999714851379","0.7623999714851379","0.7623999714851379"
"32","548","548","548","0.6919000148773193","0.6919000148773193","0.6919000148773193","548","548","548","0.6930999755859375","0.6930999755859375","0.6930999755859375","548","548","548","0.7402999997138977","0.7402999997138977","0.7402999997138977","548","548","548","0.7566999793052673","0.7566999793052673","0.7566999793052673"
"33","564","564","564","0.6984000205993652","0.6984000205993652","0.6984000205993652","564","564","564","0.6897000074386597","0.6897000074386597","0.6897000074386597","564","564","564","0.7378000020980835","0.7378000020980835","0.7378000020980835","564","564","564","0.7581999897956848","0.7581999897956848","0.7581999897956848"
"34","581","581","581","0.7001000046730042","0.7001000046730042","0.7001000046730042","581","581","581","0.6941999793052673","0.6941999793052673","0.6941999793052673","581","581","581","0.7358999848365784","0.7358999848365784","0.7358999848365784","581","581","581","0.7616999745368958","0.7616999745368958","0.7616999745368958"
"35","598","598","598","0.692799985408783","0.692799985408783","0.692799985408783","598","598","598","0.6955999732017517","0.6955999732017517","0.6955999732017517","598","598","598","0.7355999946594238","0.7355999946594238","0.7355999946594238","598","598","598","0.7706000208854675","0.7706000208854675","0.7706000208854675"
"36","614","614","614","0.6819999814033508","0.6819999814033508","0.6819999814033508","614","614","614","0.6909000277519226","0.6909000277519226","0.6909000277519226","614","614","614","0.7310000061988831","0.7310000061988831","0.7310000061988831","614","614","614","0.7580999732017517","0.7580999732017517","0.7580999732017517"
"37","631","631","631","0.7075999975204468","0.7075999975204468","0.7075999975204468","631","631","631","0.6931999921798706","0.6931999921798706","0.6931999921798706","631","631","631","0.7383000254631042","0.7383000254631042","0.7383000254631042","631","631","631","0.7669000029563904","0.7669000029563904","0.7669000029563904"
"38","647","647","647","0.7050999999046326","0.7050999999046326","0.7050999999046326","647","647","647","0.6984000205993652","0.6984000205993652","0.6984000205993652","647","647","647","0.7412999868392944","0.7412999868392944","0.7412999868392944","647","647","647","0.7588000297546387","0.7588000297546387","0.7588000297546387"
"39","664","664","664","0.7085000276565552","0.7085000276565552","0.7085000276565552","664","664","664","0.7041000127792358","0.7041000127792358","0.7041000127792358","664","664","664","0.7311999797821045","0.7311999797821045","0.7311999797821045","664","664","664","0.7731999754905701","0.7731999754905701","0.7731999754905701"
"40","681","681","681","0.7135000228881836","0.7135000228881836","0.7135000228881836","681","681","681","0.6969000101089478","0.6969000101089478","0.6969000101089478","681","681","681","0.7333999872207642","0.7333999872207642","0.7333999872207642","681","681","681","0.7627999782562256","0.7627999782562256","0.7627999782562256"
"41","697","697","697","0.7010999917984009","0.7010999917984009","0.7010999917984009","697","697","697","0.7063000202178955","0.7063000202178955","0.7063000202178955","697","697","697","0.739300012588501","0.739300012588501","0.739300012588501","697","697","697","0.7578999996185303","0.7578999996185303","0.7578999996185303"
"42","714","714","714","0.7124000191688538","0.7124000191688538","0.7124000191688538","714","714","714","0.6972000002861023","0.6972000002861023","0.6972000002861023","714","714","714","0.7408000230789185","0.7408000230789185","0.7408000230789185","714","714","714","0.7623000144958496","0.7623000144958496","0.7623000144958496"
"43","731","731","731","0.6988999843597412","0.6988999843597412","0.6988999843597412","731","731","731","0.7070000171661377","0.7070000171661377","0.7070000171661377","731","731","731","0.7430999875068665","0.7430999875068665","0.7430999875068665","731","731","731","0.761900007724762","0.761900007724762","0.761900007724762"
"44","747","747","747","0.7080000042915344","0.7080000042915344","0.7080000042915344","747","747","747","0.7039999961853027","0.7039999961853027","0.7039999961853027","747","747","747","0.741599977016449","0.741599977016449","0.741599977016449","747","747","747","0.765500009059906","0.765500009059906","0.765500009059906"
"45","764","764","764","0.7113000154495239","0.7113000154495239","0.7113000154495239","764","764","764","0.6969000101089478","0.6969000101089478","0.6969000101089478","764","764","764","0.7351999878883362","0.7351999878883362","0.7351999878883362","764","764","764","0.7605000138282776","0.7605000138282776","0.7605000138282776"
"46","781","781","781","0.718999981880188","0.718999981880188","0.718999981880188","781","781","781","0.7105000019073486","0.7105000019073486","0.7105000019073486","781","781","781","0.741599977016449","0.741599977016449","0.741599977016449","781","781","781","0.7688000202178955","0.7688000202178955","0.7688000202178955"
"47","797","797","797","0.7064999938011169","0.7064999938011169","0.7064999938011169","797","797","797","0.7077000141143799","0.7077000141143799","0.7077000141143799","797","797","797","0.732200026512146","0.732200026512146","0.732200026512146","797","797","797","0.7577000260353088","0.7577000260353088","0.7577000260353088"
"48","814","814","814","0.7062000036239624","0.7062000036239624","0.7062000036239624","814","814","814","0.690500020980835","0.690500020980835","0.690500020980835","814","814","814","0.7470999956130981","0.7470999956130981","0.7470999956130981","814","814","814","0.7670999765396118","0.7670999765396118","0.7670999765396118"
"49","831","831","831","0.7253000140190125","0.7253000140190125","0.7253000140190125","831","831","831","0.7026000022888184","0.7026000022888184","0.7026000022888184","831","831","831","0.7319999933242798","0.7319999933242798","0.7319999933242798","831","831","831","0.7674000263214111","0.7674000263214111","0.7674000263214111"
"50","847","847","847","0.7217000126838684","0.7217000126838684","0.7217000126838684","847","847","847","0.7077999711036682","0.7077999711036682","0.7077999711036682","847","847","847","0.7369999885559082","0.7369999885559082","0.7369999885559082","847","847","847","0.7717999815940857","0.7717999815940857","0.7717999815940857"
"51","864","864","864","0.6949999928474426","0.6949999928474426","0.6949999928474426","864","864","864","0.6998999714851379","0.6998999714851379","0.6998999714851379","864","864","864","0.745199978351593","0.745199978351593","0.745199978351593","864","864","864","0.7731000185012817","0.7731000185012817","0.7731000185012817"
"52","880","880","880","0.7182999849319458","0.7182999849319458","0.7182999849319458","880","880","880","0.708899974822998","0.708899974822998","0.708899974822998","880","880","880","0.7470999956130981","0.7470999956130981","0.7470999956130981","880","880","880","0.7749999761581421","0.7749999761581421","0.7749999761581421"
"53","897","897","897","0.720300018787384","0.720300018787384","0.720300018787384","897","897","897","0.7110000252723694","0.7110000252723694","0.7110000252723694","897","897","897","0.7440000176429749","0.7440000176429749","0.7440000176429749","897","897","897","0.7612000107765198","0.7612000107765198","0.7612000107765198"
"54","914","914","914","0.7224000096321106","0.7224000096321106","0.7224000096321106","914","914","914","0.7024000287055969","0.7024000287055969","0.7024000287055969","914","914","914","0.753600001335144","0.753600001335144","0.753600001335144","914","914","914","0.765500009059906","0.765500009059906","0.765500009059906"
"55","930","930","930","0.7275999784469604","0.7275999784469604","0.7275999784469604","930","930","930","0.7024999856948853","0.7024999856948853","0.7024999856948853","930","930","930","0.7497000098228455","0.7497000098228455","0.7497000098228455","930","930","930","0.7645000219345093","0.7645000219345093","0.7645000219345093"
"56","947","947","947","0.7092000246047974","0.7092000246047974","0.7092000246047974","947","947","947","0.7107999920845032","0.7107999920845032","0.7107999920845032","947","947","947","0.7462000250816345","0.7462000250816345","0.7462000250816345","947","947","947","0.7609000205993652","0.7609000205993652","0.7609000205993652"
"57","964","964","964","0.7207000255584717","0.7207000255584717","0.7207000255584717","964","964","964","0.7096999883651733","0.7096999883651733","0.7096999883651733","964","964","964","0.7476999759674072","0.7476999759674072","0.7476999759674072","964","964","964","0.7746999859809875","0.7746999859809875","0.7746999859809875"
"58","980","980","980","0.7113999724388123","0.7113999724388123","0.7113999724388123","980","980","980","0.7105000019073486","0.7105000019073486","0.7105000019073486","980","980","980","0.741100013256073","0.741100013256073","0.741100013256073","980","980","980","0.7705000042915344","0.7705000042915344","0.7705000042915344"
"59","997","997","997","0.7300999760627747","0.7300999760627747","0.7300999760627747","997","997","997","0.7125999927520752","0.7125999927520752","0.7125999927520752","997","997","997","0.7415000200271606","0.7415000200271606","0.7415000200271606","997","997","997","0.7753000259399414","0.7753000259399414","0.7753000259399414"
"60","1014","1014","1014","0.7257999777793884","0.7257999777793884","0.7257999777793884","1014","1014","1014","0.7167999744415283","0.7167999744415283","0.7167999744415283","1014","1014","1014","0.7506999969482422","0.7506999969482422","0.7506999969482422","1014","1014","1014","0.775600016117096","0.775600016117096","0.775600016117096"
"61","1030","1030","1030","0.7192999720573425","0.7192999720573425","0.7192999720573425","1030","1030","1030","0.7141000032424927","0.7141000032424927","0.7141000032424927","1030","1030","1030","0.7412999868392944","0.7412999868392944","0.7412999868392944","1030","1030","1030","0.7698000073432922","0.7698000073432922","0.7698000073432922"
"62","1047","1047","1047","0.70660001039505","0.70660001039505","0.70660001039505","1047","1047","1047","0.7093999981880188","0.7093999981880188","0.7093999981880188","1047","1047","1047","0.7534999847412109","0.7534999847412109","0.7534999847412109","1047","1047","1047","0.7717000246047974","0.7717000246047974","0.7717000246047974"
"63","1063","1063","1063","0.7282999753952026","0.7282999753952026","0.7282999753952026","1063","1063","1063","0.7067999839782715","0.7067999839782715","0.7067999839782715","1063","1063","1063","0.7477999925613403","0.7477999925613403","0.7477999925613403","1063","1063","1063","0.7710000276565552","0.7710000276565552","0.7710000276565552"
"64","1080","1080","1080","0.7383999824523926","0.7383999824523926","0.7383999824523926","1080","1080","1080","0.7245000004768372","0.7245000004768372","0.7245000004768372","1080","1080","1080","0.7487000226974487","0.7487000226974487","0.7487000226974487","1080","1080","1080","0.7716000080108643","0.7716000080108643","0.7716000080108643"
"65","1097","1097","1097","0.7204999923706055","0.7204999923706055","0.7204999923706055","1097","1097","1097","0.7206000089645386","0.7206000089645386","0.7206000089645386","1097","1097","1097","0.7523000240325928","0.7523000240325928","0.7523000240325928","1097","1097","1097","0.7728000283241272","0.7728000283241272","0.7728000283241272"
"66","1113","1113","1113","0.7142000198364258","0.7142000198364258","0.7142000198364258","1113","1113","1113","0.7110000252723694","0.7110000252723694","0.7110000252723694","1113","1113","1113","0.7487000226974487","0.7487000226974487","0.7487000226974487","1113","1113","1113","0.7739999890327454","0.7739999890327454","0.7739999890327454"
"67","1130","1130","1130","0.7157999873161316","0.7157999873161316","0.7157999873161316","1130","1130","1130","0.7148000001907349","0.7148000001907349","0.7148000001907349","1130","1130","1130","0.75","0.75","0.75","1130","1130","1130","0.7709000110626221","0.7709000110626221","0.7709000110626221"
"68","1147","1147","1147","0.714900016784668","0.714900016784668","0.714900016784668","1147","1147","1147","0.7092000246047974","0.7092000246047974","0.7092000246047974","1147","1147","1147","0.7493000030517578","0.7493000030517578","0.7493000030517578","1147","1147","1147","0.7771999835968018","0.7771999835968018","0.7771999835968018"
"69","1163","1163","1163","0.7301999926567078","0.7301999926567078","0.7301999926567078","1163","1163","1163","0.7160000205039978","0.7160000205039978","0.7160000205039978","1163","1163","1163","0.7542999982833862","0.7542999982833862","0.7542999982833862","1163","1163","1163","0.7714999914169312","0.7714999914169312","0.7714999914169312"
"70","1180","1180","1180","0.7311999797821045","0.7311999797821045","0.7311999797821045","1180","1180","1180","0.7164999842643738","0.7164999842643738","0.7164999842643738","1180","1180","1180","0.7433000206947327","0.7433000206947327","0.7433000206947327","1180","1180","1180","0.7706000208854675","0.7706000208854675","0.7706000208854675"
"71","1197","1197","1197","0.7232999801635742","0.7232999801635742","0.7232999801635742","1197","1197","1197","0.7071999907493591","0.7071999907493591","0.7071999907493591","1197","1197","1197","0.7486000061035156","0.7486000061035156","0.7486000061035156","1197","1197","1197","0.7796000242233276","0.7796000242233276","0.7796000242233276"
"72","1213","1213","1213","0.7250000238418579","0.7250000238418579","0.7250000238418579","1213","1213","1213","0.7091000080108643","0.7091000080108643","0.7091000080108643","1213","1213","1213","0.7469000220298767","0.7469000220298767","0.7469000220298767","1213","1213","1213","0.7789999842643738","0.7789999842643738","0.7789999842643738"
"73","1230","1230","1230","0.7181000113487244","0.7181000113487244","0.7181000113487244","1230","1230","1230","0.7207000255584717","0.7207000255584717","0.7207000255584717","1230","1230","1230","0.7580999732017517","0.7580999732017517","0.7580999732017517","1230","1230","1230","0.7811999917030334","0.7811999917030334","0.7811999917030334"
"74","1247","1247","1247","0.7299000024795532","0.7299000024795532","0.7299000024795532","1247","1247","1247","0.7059999704360962","0.7059999704360962","0.7059999704360962","1247","1247","1247","0.7541000247001648","0.7541000247001648","0.7541000247001648","1247","1247","1247","0.777400016784668","0.777400016784668","0.777400016784668"
"75","1263","1263","1263","0.7260000109672546","0.7260000109672546","0.7260000109672546","1263","1263","1263","0.7167999744415283","0.7167999744415283","0.7167999744415283","1263","1263","1263","0.7534999847412109","0.7534999847412109","0.7534999847412109","1263","1263","1263","0.7738000154495239","0.7738000154495239","0.7738000154495239"
"76","1280","1280","1280","0.7389000058174133","0.7389000058174133","0.7389000058174133","1280","1280","1280","0.7139999866485596","0.7139999866485596","0.7139999866485596","1280","1280","1280","0.7634000182151794","0.7634000182151794","0.7634000182151794","1280","1280","1280","0.781000018119812","0.781000018119812","0.781000018119812"
"77","1296","1296","1296","0.7206000089645386","0.7206000089645386","0.7206000089645386","1296","1296","1296","0.7105000019073486","0.7105000019073486","0.7105000019073486","1296","1296","1296","0.7501000165939331","0.7501000165939331","0.7501000165939331","1296","1296","1296","0.7681999802589417","0.7681999802589417","0.7681999802589417"
"78","1313","1313","1313","0.7376999855041504","0.7376999855041504","0.7376999855041504","1313","1313","1313","0.7179999947547913","0.7179999947547913","0.7179999947547913","1313","1313","1313","0.7466999888420105","0.7466999888420105","0.7466999888420105","1313","1313","1313","0.7775999903678894","0.7775999903678894","0.7775999903678894"
"79","1330","1330","1330","0.7425000071525574","0.7425000071525574","0.7425000071525574","1330","1330","1330","0.7261000275611877","0.7261000275611877","0.7261000275611877","1330","1330","1330","0.7488999962806702","0.7488999962806702","0.7488999962806702","1330","1330","1330","0.7807999849319458","0.7807999849319458","0.7807999849319458"
"80","1346","1346","1346","0.7365999817848206","0.7365999817848206","0.7365999817848206","1346","1346","1346","0.7217000126838684","0.7217000126838684","0.7217000126838684","1346","1346","1346","0.7534999847412109","0.7534999847412109","0.7534999847412109","1346","1346","1346","0.7731000185012817","0.7731000185012817","0.7731000185012817"
"81","1363","1363","1363","0.733299970626831","0.733299970626831","0.733299970626831","1363","1363","1363","0.7132999897003174","0.7132999897003174","0.7132999897003174","1363","1363","1363","0.7495999932289124","0.7495999932289124","0.7495999932289124","1363","1363","1363","0.7738000154495239","0.7738000154495239","0.7738000154495239"
"82","1380","1380","1380","0.7325000166893005","0.7325000166893005","0.7325000166893005","1380","1380","1380","0.7197999954223633","0.7197999954223633","0.7197999954223633","1380","1380","1380","0.7483999729156494","0.7483999729156494","0.7483999729156494","1380","1380","1380","0.7696999907493591","0.7696999907493591","0.7696999907493591"
"83","1396","1396","1396","0.7321000099182129","0.7321000099182129","0.7321000099182129","1396","1396","1396","0.7145000100135803","0.7145000100135803","0.7145000100135803","1396","1396","1396","0.7540000081062317","0.7540000081062317","0.7540000081062317","1396","1396","1396","0.7692999839782715","0.7692999839782715","0.7692999839782715"
"84","1413","1413","1413","0.7434999942779541","0.7434999942779541","0.7434999942779541","1413","1413","1413","0.7056999802589417","0.7056999802589417","0.7056999802589417","1413","1413","1413","0.7542999982833862","0.7542999982833862","0.7542999982833862","1413","1413","1413","0.7803000211715698","0.7803000211715698","0.7803000211715698"
"85","1430","1430","1430","0.7310000061988831","0.7310000061988831","0.7310000061988831","1430","1430","1430","0.7196999788284302","0.7196999788284302","0.7196999788284302","1430","1430","1430","0.7512999773025513","0.7512999773025513","0.7512999773025513","1430","1430","1430","0.7818999886512756","0.7818999886512756","0.7818999886512756"
"86","1446","1446","1446","0.7314000129699707","0.7314000129699707","0.7314000129699707","1446","1446","1446","0.7135999798774719","0.7135999798774719","0.7135999798774719","1446","1446","1446","0.7505999803543091","0.7505999803543091","0.7505999803543091","1446","1446","1446","0.7775999903678894","0.7775999903678894","0.7775999903678894"
"87","1463","1463","1463","0.7339000105857849","0.7339000105857849","0.7339000105857849","1463","1463","1463","0.7210999727249146","0.7210999727249146","0.7210999727249146","1463","1463","1463","0.7544999718666077","0.7544999718666077","0.7544999718666077","1463","1463","1463","0.7795000076293945","0.7795000076293945","0.7795000076293945"
"88","1479","1479","1479","0.738099992275238","0.738099992275238","0.738099992275238","1479","1479","1479","0.7208999991416931","0.7208999991416931","0.7208999991416931","1479","1479","1479","0.7512999773025513","0.7512999773025513","0.7512999773025513","1479","1479","1479","0.7753000259399414","0.7753000259399414","0.7753000259399414"
"89","1496","1496","1496","0.7318999767303467","0.7318999767303467","0.7318999767303467","1496","1496","1496","0.7305999994277954","0.7305999994277954","0.7305999994277954","1496","1496","1496","0.7540000081062317","0.7540000081062317","0.7540000081062317","1496","1496","1496","0.7728000283241272","0.7728000283241272","0.7728000283241272"
"90","1513","1513","1513","0.737500011920929","0.737500011920929","0.737500011920929","1513","1513","1513","0.7283999919891357","0.7283999919891357","0.7283999919891357","1513","1513","1513","0.7531999945640564","0.7531999945640564","0.7531999945640564","1513","1513","1513","0.7810999751091003","0.7810999751091003","0.7810999751091003"
"91","1529","1529","1529","0.7454000115394592","0.7454000115394592","0.7454000115394592","1529","1529","1529","0.7160000205039978","0.7160000205039978","0.7160000205039978","1529","1529","1529","0.7545999884605408","0.7545999884605408","0.7545999884605408","1529","1529","1529","0.7749999761581421","0.7749999761581421","0.7749999761581421"
"92","1546","1546","1546","0.7422000169754028","0.7422000169754028","0.7422000169754028","1546","1546","1546","0.7253000140190125","0.7253000140190125","0.7253000140190125","1546","1546","1546","0.7580000162124634","0.7580000162124634","0.7580000162124634","1546","1546","1546","0.7854999899864197","0.7854999899864197","0.7854999899864197"
"93","1563","1563","1563","0.7289999723434448","0.7289999723434448","0.7289999723434448","1563","1563","1563","0.7214999794960022","0.7214999794960022","0.7214999794960022","1563","1563","1563","0.753000020980835","0.753000020980835","0.753000020980835","1563","1563","1563","0.7814000248908997","0.7814000248908997","0.7814000248908997"
"94","1579","1579","1579","0.73580002784729","0.73580002784729","0.73580002784729","1579","1579","1579","0.7224000096321106","0.7224000096321106","0.7224000096321106","1579","1579","1579","0.7595999836921692","0.7595999836921692","0.7595999836921692","1579","1579","1579","0.7746999859809875","0.7746999859809875","0.7746999859809875"
"95","1596","1596","1596","0.7394999861717224","0.7394999861717224","0.7394999861717224","1596","1596","1596","0.7178000211715698","0.7178000211715698","0.7178000211715698","1596","1596","1596","0.758899986743927","0.758899986743927","0.758899986743927","1596","1596","1596","0.7815999984741211","0.7815999984741211","0.7815999984741211"
"96","1613","1613","1613","0.7441999912261963","0.7441999912261963","0.7441999912261963","1613","1613","1613","0.7228999733924866","0.7228999733924866","0.7228999733924866","1613","1613","1613","0.7577000260353088","0.7577000260353088","0.7577000260353088","1613","1613","1613","0.7797999978065491","0.7797999978065491","0.7797999978065491"
"97","1629","1629","1629","0.7443000078201294","0.7443000078201294","0.7443000078201294","1629","1629","1629","0.7224000096321106","0.7224000096321106","0.7224000096321106","1629","1629","1629","0.7587000131607056","0.7587000131607056","0.7587000131607056","1629","1629","1629","0.7815999984741211","0.7815999984741211","0.7815999984741211"
"98","1646","1646","1646","0.7469000220298767","0.7469000220298767","0.7469000220298767","1646","1646","1646","0.7184000015258789","0.7184000015258789","0.7184000015258789","1646","1646","1646","0.7555999755859375","0.7555999755859375","0.7555999755859375","1646","1646","1646","0.7839999794960022","0.7839999794960022","0.7839999794960022"
"99","1663","1663","1663","0.7346000075340271","0.7346000075340271","0.7346000075340271","1663","1663","1663","0.7235999703407288","0.7235999703407288","0.7235999703407288","1663","1663","1663","0.7591000199317932","0.7591000199317932","0.7591000199317932","1663","1663","1663","0.7835000157356262","0.7835000157356262","0.7835000157356262"
"100","1679","1679","1679","0.7720000147819519","0.7720000147819519","0.7720000147819519","1679","1679","1679","0.7454000115394592","0.7454000115394592","0.7454000115394592","1679","1679","1679","0.7689999938011169","0.7689999938011169","0.7689999938011169","1679","1679","1679","0.7954999804496765","0.7954999804496765","0.7954999804496765"
"101","1696","1696","1696","0.7767000198364258","0.7767000198364258","0.7767000198364258","1696","1696","1696","0.7483000159263611","0.7483000159263611","0.7483000159263611","1696","1696","1696","0.7752000093460083","0.7752000093460083","0.7752000093460083","1696","1696","1696","0.7986000180244446","0.7986000180244446","0.7986000180244446"
"102","1712","1712","1712","0.7789000272750854","0.7789000272750854","0.7789000272750854","1712","1712","1712","0.7470999956130981","0.7470999956130981","0.7470999956130981","1712","1712","1712","0.7760999798774719","0.7760999798774719","0.7760999798774719","1712","1712","1712","0.7990000247955322","0.7990000247955322","0.7990000247955322"
"103","1729","1729","1729","0.7799999713897705","0.7799999713897705","0.7799999713897705","1729","1729","1729","0.7506999969482422","0.7506999969482422","0.7506999969482422","1729","1729","1729","0.7727000117301941","0.7727000117301941","0.7727000117301941","1729","1729","1729","0.800599992275238","0.800599992275238","0.800599992275238"
"104","1746","1746","1746","0.7817000150680542","0.7817000150680542","0.7817000150680542","1746","1746","1746","0.7480000257492065","0.7480000257492065","0.7480000257492065","1746","1746","1746","0.7764999866485596","0.7764999866485596","0.7764999866485596","1746","1746","1746","0.8047000169754028","0.8047000169754028","0.8047000169754028"
"105","1762","1762","1762","0.77920001745224","0.77920001745224","0.77920001745224","1762","1762","1762","0.7487999796867371","0.7487999796867371","0.7487999796867371","1762","1762","1762","0.7778000235557556","0.7778000235557556","0.7778000235557556","1762","1762","1762","0.8046000003814697","0.8046000003814697","0.8046000003814697"
"106","1779","1779","1779","0.7810999751091003","0.7810999751091003","0.7810999751091003","1779","1779","1779","0.7524999976158142","0.7524999976158142","0.7524999976158142","1779","1779","1779","0.7764000296592712","0.7764000296592712","0.7764000296592712","1779","1779","1779","0.8033000230789185","0.8033000230789185","0.8033000230789185"
"107","1796","1796","1796","0.7861999869346619","0.7861999869346619","0.7861999869346619","1796","1796","1796","0.7538999915122986","0.7538999915122986","0.7538999915122986","1796","1796","1796","0.7764000296592712","0.7764000296592712","0.7764000296592712","1796","1796","1796","0.805899977684021","0.805899977684021","0.805899977684021"
"108","1812","1812","1812","0.7804999947547913","0.7804999947547913","0.7804999947547913","1812","1812","1812","0.7524999976158142","0.7524999976158142","0.7524999976158142","1812","1812","1812","0.779699981212616","0.779699981212616","0.779699981212616","1812","1812","1812","0.8061000108718872","0.8061000108718872","0.8061000108718872"
"109","1829","1829","1829","0.7836999893188477","0.7836999893188477","0.7836999893188477","1829","1829","1829","0.7523999810218811","0.7523999810218811","0.7523999810218811","1829","1829","1829","0.7768999934196472","0.7768999934196472","0.7768999934196472","1829","1829","1829","0.8046000003814697","0.8046000003814697","0.8046000003814697"
"110","1846","1846","1846","0.7827000021934509","0.7827000021934509","0.7827000021934509","1846","1846","1846","0.7505999803543091","0.7505999803543091","0.7505999803543091","1846","1846","1846","0.7768999934196472","0.7768999934196472","0.7768999934196472","1846","1846","1846","0.8029999732971191","0.8029999732971191","0.8029999732971191"
"111","1862","1862","1862","0.7861999869346619","0.7861999869346619","0.7861999869346619","1862","1862","1862","0.7513999938964844","0.7513999938964844","0.7513999938964844","1862","1862","1862","0.7771000266075134","0.7771000266075134","0.7771000266075134","1862","1862","1862","0.8037999868392944","0.8037999868392944","0.8037999868392944"
"112","1879","1879","1879","0.7839999794960022","0.7839999794960022","0.7839999794960022","1879","1879","1879","0.7541000247001648","0.7541000247001648","0.7541000247001648","1879","1879","1879","0.7806000113487244","0.7806000113487244","0.7806000113487244","1879","1879","1879","0.8065999746322632","0.8065999746322632","0.8065999746322632"
"113","1895","1895","1895","0.7825000286102295","0.7825000286102295","0.7825000286102295","1895","1895","1895","0.7529000043869019","0.7529000043869019","0.7529000043869019","1895","1895","1895","0.7785000205039978","0.7785000205039978","0.7785000205039978","1895","1895","1895","0.8046000003814697","0.8046000003814697","0.8046000003814697"
"114","1912","1912","1912","0.7854999899864197","0.7854999899864197","0.7854999899864197","1912","1912","1912","0.7574999928474426","0.7574999928474426","0.7574999928474426","1912","1912","1912","0.7795000076293945","0.7795000076293945","0.7795000076293945","1912","1912","1912","0.8062000274658203","0.8062000274658203","0.8062000274658203"
"115","1929","1929","1929","0.7874000072479248","0.7874000072479248","0.7874000072479248","1929","1929","1929","0.7562000155448914","0.7562000155448914","0.7562000155448914","1929","1929","1929","0.7807000279426575","0.7807000279426575","0.7807000279426575","1929","1929","1929","0.8026999831199646","0.8026999831199646","0.8026999831199646"
"116","1945","1945","1945","0.7865999937057495","0.7865999937057495","0.7865999937057495","1945","1945","1945","0.7538999915122986","0.7538999915122986","0.7538999915122986","1945","1945","1945","0.7828999757766724","0.7828999757766724","0.7828999757766724","1945","1945","1945","0.8054999709129333","0.8054999709129333","0.8054999709129333"
"117","1962","1962","1962","0.7858999967575073","0.7858999967575073","0.7858999967575073","1962","1962","1962","0.753600001335144","0.753600001335144","0.753600001335144","1962","1962","1962","0.77920001745224","0.77920001745224","0.77920001745224","1962","1962","1962","0.8043000102043152","0.8043000102043152","0.8043000102043152"
"118","1979","1979","1979","0.7894999980926514","0.7894999980926514","0.7894999980926514","1979","1979","1979","0.7544999718666077","0.7544999718666077","0.7544999718666077","1979","1979","1979","0.7810999751091003","0.7810999751091003","0.7810999751091003","1979","1979","1979","0.805899977684021","0.805899977684021","0.805899977684021"
"119","1995","1995","1995","0.7875000238418579","0.7875000238418579","0.7875000238418579","1995","1995","1995","0.7562999725341797","0.7562999725341797","0.7562999725341797","1995","1995","1995","0.7799999713897705","0.7799999713897705","0.7799999713897705","1995","1995","1995","0.8062999844551086","0.8062999844551086","0.8062999844551086"
"120","2012","2012","2012","0.7883999943733215","0.7883999943733215","0.7883999943733215","2012","2012","2012","0.7551000118255615","0.7551000118255615","0.7551000118255615","2012","2012","2012","0.7825999855995178","0.7825999855995178","0.7825999855995178","2012","2012","2012","0.8025000095367432","0.8025000095367432","0.8025000095367432"
"121","2029","2029","2029","0.781000018119812","0.781000018119812","0.781000018119812","2029","2029","2029","0.7530999779701233","0.7530999779701233","0.7530999779701233","2029","2029","2029","0.7806000113487244","0.7806000113487244","0.7806000113487244","2029","2029","2029","0.8052999973297119","0.8052999973297119","0.8052999973297119"
"122","2045","2045","2045","0.7843999862670898","0.7843999862670898","0.7843999862670898","2045","2045","2045","0.7558000087738037","0.7558000087738037","0.7558000087738037","2045","2045","2045","0.7810999751091003","0.7810999751091003","0.7810999751091003","2045","2045","2045","0.8055999875068665","0.8055999875068665","0.8055999875068665"
"123","2062","2062","2062","0.7875999808311462","0.7875999808311462","0.7875999808311462","2062","2062","2062","0.7554000020027161","0.7554000020027161","0.7554000020027161","2062","2062","2062","0.7791000008583069","0.7791000008583069","0.7791000008583069","2062","2062","2062","0.8082000017166138","0.8082000017166138","0.8082000017166138"
"124","2079","2079","2079","0.7879999876022339","0.7879999876022339","0.7879999876022339","2079","2079","2079","0.7548999786376953","0.7548999786376953","0.7548999786376953","2079","2079","2079","0.7807999849319458","0.7807999849319458","0.7807999849319458","2079","2079","2079","0.8054999709129333","0.8054999709129333","0.8054999709129333"
"125","2095","2095","2095","0.7870000004768372","0.7870000004768372","0.7870000004768372","2095","2095","2095","0.7559000253677368","0.7559000253677368","0.7559000253677368","2095","2095","2095","0.7814000248908997","0.7814000248908997","0.7814000248908997","2095","2095","2095","0.8047999739646912","0.8047999739646912","0.8047999739646912"
"126","2112","2112","2112","0.7876999974250793","0.7876999974250793","0.7876999974250793","2112","2112","2112","0.7581999897956848","0.7581999897956848","0.7581999897956848","2112","2112","2112","0.7796000242233276","0.7796000242233276","0.7796000242233276","2112","2112","2112","0.8050000071525574","0.8050000071525574","0.8050000071525574"
"127","2128","2128","2128","0.7843999862670898","0.7843999862670898","0.7843999862670898","2128","2128","2128","0.7559000253677368","0.7559000253677368","0.7559000253677368","2128","2128","2128","0.7792999744415283","0.7792999744415283","0.7792999744415283","2128","2128","2128","0.805899977684021","0.805899977684021","0.805899977684021"
"128","2145","2145","2145","0.7865999937057495","0.7865999937057495","0.7865999937057495","2145","2145","2145","0.7566999793052673","0.7566999793052673","0.7566999793052673","2145","2145","2145","0.7821999788284302","0.7821999788284302","0.7821999788284302","2145","2145","2145","0.8069999814033508","0.8069999814033508","0.8069999814033508"
"129","2162","2162","2162","0.7858999967575073","0.7858999967575073","0.7858999967575073","2162","2162","2162","0.7533000111579895","0.7533000111579895","0.7533000111579895","2162","2162","2162","0.7809000015258789","0.7809000015258789","0.7809000015258789","2162","2162","2162","0.8064000010490417","0.8064000010490417","0.8064000010490417"
"130","2178","2178","2178","0.7925000190734863","0.7925000190734863","0.7925000190734863","2178","2178","2178","0.7555999755859375","0.7555999755859375","0.7555999755859375","2178","2178","2178","0.7803000211715698","0.7803000211715698","0.7803000211715698","2178","2178","2178","0.8086000084877014","0.8086000084877014","0.8086000084877014"
"131","2195","2195","2195","0.7871000170707703","0.7871000170707703","0.7871000170707703","2195","2195","2195","0.7585999965667725","0.7585999965667725","0.7585999965667725","2195","2195","2195","0.7817000150680542","0.7817000150680542","0.7817000150680542","2195","2195","2195","0.8052999973297119","0.8052999973297119","0.8052999973297119"
"132","2212","2212","2212","0.7858999967575073","0.7858999967575073","0.7858999967575073","2212","2212","2212","0.7554000020027161","0.7554000020027161","0.7554000020027161","2212","2212","2212","0.7817000150680542","0.7817000150680542","0.7817000150680542","2212","2212","2212","0.8068000078201294","0.8068000078201294","0.8068000078201294"
"133","2228","2228","2228","0.7889999747276306","0.7889999747276306","0.7889999747276306","2228","2228","2228","0.7567999958992004","0.7567999958992004","0.7567999958992004","2228","2228","2228","0.7809000015258789","0.7809000015258789","0.7809000015258789","2228","2228","2228","0.8062000274658203","0.8062000274658203","0.8062000274658203"
"134","2245","2245","2245","0.791100025177002","0.791100025177002","0.791100025177002","2245","2245","2245","0.7559999823570251","0.7559999823570251","0.7559999823570251","2245","2245","2245","0.7803000211715698","0.7803000211715698","0.7803000211715698","2245","2245","2245","0.8051999807357788","0.8051999807357788","0.8051999807357788"
"135","2262","2262","2262","0.7883999943733215","0.7883999943733215","0.7883999943733215","2262","2262","2262","0.7572000026702881","0.7572000026702881","0.7572000026702881","2262","2262","2262","0.7815999984741211","0.7815999984741211","0.7815999984741211","2262","2262","2262","0.8044000267982483","0.8044000267982483","0.8044000267982483"
"136","2278","2278","2278","0.7911999821662903","0.7911999821662903","0.7911999821662903","2278","2278","2278","0.7567999958992004","0.7567999958992004","0.7567999958992004","2278","2278","2278","0.7815999984741211","0.7815999984741211","0.7815999984741211","2278","2278","2278","0.8072999715805054","0.8072999715805054","0.8072999715805054"
"137","2295","2295","2295","0.7914000153541565","0.7914000153541565","0.7914000153541565","2295","2295","2295","0.7569000124931335","0.7569000124931335","0.7569000124931335","2295","2295","2295","0.7803999781608582","0.7803999781608582","0.7803999781608582","2295","2295","2295","0.8046000003814697","0.8046000003814697","0.8046000003814697"
"138","2311","2311","2311","0.7892000079154968","0.7892000079154968","0.7892000079154968","2311","2311","2311","0.7578999996185303","0.7578999996185303","0.7578999996185303","2311","2311","2311","0.7803000211715698","0.7803000211715698","0.7803000211715698","2311","2311","2311","0.8021000027656555","0.8021000027656555","0.8021000027656555"
"139","2328","2328","2328","0.7893999814987183","0.7893999814987183","0.7893999814987183","2328","2328","2328","0.7544999718666077","0.7544999718666077","0.7544999718666077","2328","2328","2328","0.7806000113487244","0.7806000113487244","0.7806000113487244","2328","2328","2328","0.805400013923645","0.805400013923645","0.805400013923645"
"140","2345","2345","2345","0.7894999980926514","0.7894999980926514","0.7894999980926514","2345","2345","2345","0.7563999891281128","0.7563999891281128","0.7563999891281128","2345","2345","2345","0.7827000021934509","0.7827000021934509","0.7827000021934509","2345","2345","2345","0.8069000244140625","0.8069000244140625","0.8069000244140625"
"141","2361","2361","2361","0.7893000245094299","0.7893000245094299","0.7893000245094299","2361","2361","2361","0.7545999884605408","0.7545999884605408","0.7545999884605408","2361","2361","2361","0.781499981880188","0.781499981880188","0.781499981880188","2361","2361","2361","0.8076000213623047","0.8076000213623047","0.8076000213623047"
"142","2378","2378","2378","0.7894999980926514","0.7894999980926514","0.7894999980926514","2378","2378","2378","0.7569000124931335","0.7569000124931335","0.7569000124931335","2378","2378","2378","0.7817999720573425","0.7817999720573425","0.7817999720573425","2378","2378","2378","0.808899998664856","0.808899998664856","0.808899998664856"
"143","2395","2395","2395","0.7911999821662903","0.7911999821662903","0.7911999821662903","2395","2395","2395","0.753600001335144","0.753600001335144","0.753600001335144","2395","2395","2395","0.7797999978065491","0.7797999978065491","0.7797999978065491","2395","2395","2395","0.8062000274658203","0.8062000274658203","0.8062000274658203"
"144","2411","2411","2411","0.7921000123023987","0.7921000123023987","0.7921000123023987","2411","2411","2411","0.7598999738693237","0.7598999738693237","0.7598999738693237","2411","2411","2411","0.7822999954223633","0.7822999954223633","0.7822999954223633","2411","2411","2411","0.8057000041007996","0.8057000041007996","0.8057000041007996"
"145","2428","2428","2428","0.7907999753952026","0.7907999753952026","0.7907999753952026","2428","2428","2428","0.7544000148773193","0.7544000148773193","0.7544000148773193","2428","2428","2428","0.7835999727249146","0.7835999727249146","0.7835999727249146","2428","2428","2428","0.8079000115394592","0.8079000115394592","0.8079000115394592"
"146","2445","2445","2445","0.7910000085830688","0.7910000085830688","0.7910000085830688","2445","2445","2445","0.7595000267028809","0.7595000267028809","0.7595000267028809","2445","2445","2445","0.779699981212616","0.779699981212616","0.779699981212616","2445","2445","2445","0.8068000078201294","0.8068000078201294","0.8068000078201294"
"147","2461","2461","2461","0.792900025844574","0.792900025844574","0.792900025844574","2461","2461","2461","0.757099986076355","0.757099986076355","0.757099986076355","2461","2461","2461","0.7815999984741211","0.7815999984741211","0.7815999984741211","2461","2461","2461","0.8044000267982483","0.8044000267982483","0.8044000267982483"
"148","2478","2478","2478","0.789900004863739","0.789900004863739","0.789900004863739","2478","2478","2478","0.7585999965667725","0.7585999965667725","0.7585999965667725","2478","2478","2478","0.7825999855995178","0.7825999855995178","0.7825999855995178","2478","2478","2478","0.8086000084877014","0.8086000084877014","0.8086000084877014"
"149","2495","2495","2495","0.7864000201225281","0.7864000201225281","0.7864000201225281","2495","2495","2495","0.7584999799728394","0.7584999799728394","0.7584999799728394","2495","2495","2495","0.7818999886512756","0.7818999886512756","0.7818999886512756","2495","2495","2495","0.807699978351593","0.807699978351593","0.807699978351593"
"150","2511","2511","2511","0.7921000123023987","0.7921000123023987","0.7921000123023987","2511","2511","2511","0.7576000094413757","0.7576000094413757","0.7576000094413757","2511","2511","2511","0.78329998254776","0.78329998254776","0.78329998254776","2511","2511","2511","0.8087999820709229","0.8087999820709229","0.8087999820709229"
"151","2528","2528","2528","0.7940999865531921","0.7940999865531921","0.7940999865531921","2528","2528","2528","0.7587000131607056","0.7587000131607056","0.7587000131607056","2528","2528","2528","0.782800018787384","0.782800018787384","0.782800018787384","2528","2528","2528","0.8083000183105469","0.8083000183105469","0.8083000183105469"
"152","2544","2544","2544","0.7935000061988831","0.7935000061988831","0.7935000061988831","2544","2544","2544","0.7580000162124634","0.7580000162124634","0.7580000162124634","2544","2544","2544","0.7832000255584717","0.7832000255584717","0.7832000255584717","2544","2544","2544","0.8086000084877014","0.8086000084877014","0.8086000084877014"
"153","2561","2561","2561","0.7950000166893005","0.7950000166893005","0.7950000166893005","2561","2561","2561","0.7597000002861023","0.7597000002861023","0.7597000002861023","2561","2561","2561","0.782800018787384","0.782800018787384","0.782800018787384","2561","2561","2561","0.8069999814033508","0.8069999814033508","0.8069999814033508"
"154","2578","2578","2578","0.7944999933242798","0.7944999933242798","0.7944999933242798","2578","2578","2578","0.7597000002861023","0.7597000002861023","0.7597000002861023","2578","2578","2578","0.7847999930381775","0.7847999930381775","0.7847999930381775","2578","2578","2578","0.8082000017166138","0.8082000017166138","0.8082000017166138"
"155","2594","2594","2594","0.7949000000953674","0.7949000000953674","0.7949000000953674","2594","2594","2594","0.7587000131607056","0.7587000131607056","0.7587000131607056","2594","2594","2594","0.7832000255584717","0.7832000255584717","0.7832000255584717","2594","2594","2594","0.8079000115394592","0.8079000115394592","0.8079000115394592"
"156","2611","2611","2611","0.7950000166893005","0.7950000166893005","0.7950000166893005","2611","2611","2611","0.758400022983551","0.758400022983551","0.758400022983551","2611","2611","2611","0.7838000059127808","0.7838000059127808","0.7838000059127808","2611","2611","2611","0.8083999752998352","0.8083999752998352","0.8083999752998352"
"157","2628","2628","2628","0.7950000166893005","0.7950000166893005","0.7950000166893005","2628","2628","2628","0.7613000273704529","0.7613000273704529","0.7613000273704529","2628","2628","2628","0.7836999893188477","0.7836999893188477","0.7836999893188477","2628","2628","2628","0.8086000084877014","0.8086000084877014","0.8086000084877014"
"158","2644","2644","2644","0.7943999767303467","0.7943999767303467","0.7943999767303467","2644","2644","2644","0.7601000070571899","0.7601000070571899","0.7601000070571899","2644","2644","2644","0.7850000262260437","0.7850000262260437","0.7850000262260437","2644","2644","2644","0.8076000213623047","0.8076000213623047","0.8076000213623047"
"159","2661","2661","2661","0.7939000129699707","0.7939000129699707","0.7939000129699707","2661","2661","2661","0.758899986743927","0.758899986743927","0.758899986743927","2661","2661","2661","0.7827000021934509","0.7827000021934509","0.7827000021934509","2661","2661","2661","0.8068000078201294","0.8068000078201294","0.8068000078201294"
"160","2678","2678","2678","0.794700026512146","0.794700026512146","0.794700026512146","2678","2678","2678","0.7588000297546387","0.7588000297546387","0.7588000297546387","2678","2678","2678","0.7838000059127808","0.7838000059127808","0.7838000059127808","2678","2678","2678","0.808899998664856","0.808899998664856","0.808899998664856"
"161","2694","2694","2694","0.7946000099182129","0.7946000099182129","0.7946000099182129","2694","2694","2694","0.7612000107765198","0.7612000107765198","0.7612000107765198","2694","2694","2694","0.7831000089645386","0.7831000089645386","0.7831000089645386","2694","2694","2694","0.8091999888420105","0.8091999888420105","0.8091999888420105"
"162","2711","2711","2711","0.7954999804496765","0.7954999804496765","0.7954999804496765","2711","2711","2711","0.7597000002861023","0.7597000002861023","0.7597000002861023","2711","2711","2711","0.7821999788284302","0.7821999788284302","0.7821999788284302","2711","2711","2711","0.807699978351593","0.807699978351593","0.807699978351593"
"163","2727","2727","2727","0.7940000295639038","0.7940000295639038","0.7940000295639038","2727","2727","2727","0.7585999965667725","0.7585999965667725","0.7585999965667725","2727","2727","2727","0.7838000059127808","0.7838000059127808","0.7838000059127808","2727","2727","2727","0.8079000115394592","0.8079000115394592","0.8079000115394592"
"164","2744","2744","2744","0.7950000166893005","0.7950000166893005","0.7950000166893005","2744","2744","2744","0.7585999965667725","0.7585999965667725","0.7585999965667725","2744","2744","2744","0.7825000286102295","0.7825000286102295","0.7825000286102295","2744","2744","2744","0.8077999949455261","0.8077999949455261","0.8077999949455261"
"165","2761","2761","2761","0.7943000197410583","0.7943000197410583","0.7943000197410583","2761","2761","2761","0.7595000267028809","0.7595000267028809","0.7595000267028809","2761","2761","2761","0.7832000255584717","0.7832000255584717","0.7832000255584717","2761","2761","2761","0.8086000084877014","0.8086000084877014","0.8086000084877014"
"166","2777","2777","2777","0.7964000105857849","0.7964000105857849","0.7964000105857849","2777","2777","2777","0.7572000026702881","0.7572000026702881","0.7572000026702881","2777","2777","2777","0.7832000255584717","0.7832000255584717","0.7832000255584717","2777","2777","2777","0.8097000122070312","0.8097000122070312","0.8097000122070312"
"167","2794","2794","2794","0.795199990272522","0.795199990272522","0.795199990272522","2794","2794","2794","0.7584999799728394","0.7584999799728394","0.7584999799728394","2794","2794","2794","0.78329998254776","0.78329998254776","0.78329998254776","2794","2794","2794","0.8084999918937683","0.8084999918937683","0.8084999918937683"
"168","2811","2811","2811","0.7950000166893005","0.7950000166893005","0.7950000166893005","2811","2811","2811","0.7613999843597412","0.7613999843597412","0.7613999843597412","2811","2811","2811","0.782800018787384","0.782800018787384","0.782800018787384","2811","2811","2811","0.8075000047683716","0.8075000047683716","0.8075000047683716"
"169","2827","2827","2827","0.7943999767303467","0.7943999767303467","0.7943999767303467","2827","2827","2827","0.760200023651123","0.760200023651123","0.760200023651123","2827","2827","2827","0.784500002861023","0.784500002861023","0.784500002861023","2827","2827","2827","0.8090999722480774","0.8090999722480774","0.8090999722480774"
"170","2844","2844","2844","0.7949000000953674","0.7949000000953674","0.7949000000953674","2844","2844","2844","0.7599999904632568","0.7599999904632568","0.7599999904632568","2844","2844","2844","0.7833999991416931","0.7833999991416931","0.7833999991416931","2844","2844","2844","0.8080999851226807","0.8080999851226807","0.8080999851226807"
"171","2861","2861","2861","0.7943000197410583","0.7943000197410583","0.7943000197410583","2861","2861","2861","0.7626000046730042","0.7626000046730042","0.7626000046730042","2861","2861","2861","0.7843999862670898","0.7843999862670898","0.7843999862670898","2861","2861","2861","0.8061000108718872","0.8061000108718872","0.8061000108718872"
"172","2877","2877","2877","0.7942000031471252","0.7942000031471252","0.7942000031471252","2877","2877","2877","0.7583000063896179","0.7583000063896179","0.7583000063896179","2877","2877","2877","0.7843999862670898","0.7843999862670898","0.7843999862670898","2877","2877","2877","0.8094000220298767","0.8094000220298767","0.8094000220298767"
"173","2894","2894","2894","0.795799970626831","0.795799970626831","0.795799970626831","2894","2894","2894","0.7585999965667725","0.7585999965667725","0.7585999965667725","2894","2894","2894","0.7821999788284302","0.7821999788284302","0.7821999788284302","2894","2894","2894","0.8083000183105469","0.8083000183105469","0.8083000183105469"
"174","2911","2911","2911","0.7947999835014343","0.7947999835014343","0.7947999835014343","2911","2911","2911","0.7595000267028809","0.7595000267028809","0.7595000267028809","2911","2911","2911","0.78329998254776","0.78329998254776","0.78329998254776","2911","2911","2911","0.8087999820709229","0.8087999820709229","0.8087999820709229"
"175","2927","2927","2927","0.7972999811172485","0.7972999811172485","0.7972999811172485","2927","2927","2927","0.760200023651123","0.760200023651123","0.760200023651123","2927","2927","2927","0.7836999893188477","0.7836999893188477","0.7836999893188477","2927","2927","2927","0.8095999956130981","0.8095999956130981","0.8095999956130981"
"176","2944","2944","2944","0.7944999933242798","0.7944999933242798","0.7944999933242798","2944","2944","2944","0.7598999738693237","0.7598999738693237","0.7598999738693237","2944","2944","2944","0.7843000292778015","0.7843000292778015","0.7843000292778015","2944","2944","2944","0.809499979019165","0.809499979019165","0.809499979019165"
"177","2960","2960","2960","0.7940000295639038","0.7940000295639038","0.7940000295639038","2960","2960","2960","0.7601000070571899","0.7601000070571899","0.7601000070571899","2960","2960","2960","0.7843999862670898","0.7843999862670898","0.7843999862670898","2960","2960","2960","0.808899998664856","0.808899998664856","0.808899998664856"
"178","2977","2977","2977","0.7950000166893005","0.7950000166893005","0.7950000166893005","2977","2977","2977","0.7602999806404114","0.7602999806404114","0.7602999806404114","2977","2977","2977","0.7835999727249146","0.7835999727249146","0.7835999727249146","2977","2977","2977","0.8090000152587891","0.8090000152587891","0.8090000152587891"
"179","2994","2994","2994","0.7957000136375427","0.7957000136375427","0.7957000136375427","2994","2994","2994","0.7595000267028809","0.7595000267028809","0.7595000267028809","2994","2994","2994","0.78329998254776","0.78329998254776","0.78329998254776","2994","2994","2994","0.808899998664856","0.808899998664856","0.808899998664856"
"180","3010","3010","3010","0.794700026512146","0.794700026512146","0.794700026512146","3010","3010","3010","0.7597000002861023","0.7597000002861023","0.7597000002861023","3010","3010","3010","0.7839000225067139","0.7839000225067139","0.7839000225067139","3010","3010","3010","0.8083999752998352","0.8083999752998352","0.8083999752998352"
"181","3027","3027","3027","0.7946000099182129","0.7946000099182129","0.7946000099182129","3027","3027","3027","0.7598999738693237","0.7598999738693237","0.7598999738693237","3027","3027","3027","0.7828999757766724","0.7828999757766724","0.7828999757766724","3027","3027","3027","0.8087999820709229","0.8087999820709229","0.8087999820709229"
"182","3044","3044","3044","0.7944999933242798","0.7944999933242798","0.7944999933242798","3044","3044","3044","0.7595999836921692","0.7595999836921692","0.7595999836921692","3044","3044","3044","0.7843999862670898","0.7843999862670898","0.7843999862670898","3044","3044","3044","0.8098000288009644","0.8098000288009644","0.8098000288009644"
"183","3060","3060","3060","0.7943000197410583","0.7943000197410583","0.7943000197410583","3060","3060","3060","0.7617999911308289","0.7617999911308289","0.7617999911308289","3060","3060","3060","0.7829999923706055","0.7829999923706055","0.7829999923706055","3060","3060","3060","0.8069999814033508","0.8069999814033508","0.8069999814033508"
"184","3077","3077","3077","0.7943000197410583","0.7943000197410583","0.7943000197410583","3077","3077","3077","0.7609000205993652","0.7609000205993652","0.7609000205993652","3077","3077","3077","0.7829999923706055","0.7829999923706055","0.7829999923706055","3077","3077","3077","0.8080999851226807","0.8080999851226807","0.8080999851226807"
"185","3094","3094","3094","0.7957000136375427","0.7957000136375427","0.7957000136375427","3094","3094","3094","0.7601000070571899","0.7601000070571899","0.7601000070571899","3094","3094","3094","0.7835999727249146","0.7835999727249146","0.7835999727249146","3094","3094","3094","0.8105000257492065","0.8105000257492065","0.8105000257492065"
"186","3110","3110","3110","0.7964000105857849","0.7964000105857849","0.7964000105857849","3110","3110","3110","0.7610999941825867","0.7610999941825867","0.7610999941825867","3110","3110","3110","0.782800018787384","0.782800018787384","0.782800018787384","3110","3110","3110","0.8084999918937683","0.8084999918937683","0.8084999918937683"
"187","3127","3127","3127","0.7943999767303467","0.7943999767303467","0.7943999767303467","3127","3127","3127","0.7635999917984009","0.7635999917984009","0.7635999917984009","3127","3127","3127","0.7831000089645386","0.7831000089645386","0.7831000089645386","3127","3127","3127","0.8105999827384949","0.8105999827384949","0.8105999827384949"
"188","3143","3143","3143","0.7928000092506409","0.7928000092506409","0.7928000092506409","3143","3143","3143","0.7594000101089478","0.7594000101089478","0.7594000101089478","3143","3143","3143","0.7815999984741211","0.7815999984741211","0.7815999984741211","3143","3143","3143","0.8087999820709229","0.8087999820709229","0.8087999820709229"
"189","3160","3160","3160","0.7973999977111816","0.7973999977111816","0.7973999977111816","3160","3160","3160","0.761900007724762","0.761900007724762","0.761900007724762","3160","3160","3160","0.7832000255584717","0.7832000255584717","0.7832000255584717","3160","3160","3160","0.8083000183105469","0.8083000183105469","0.8083000183105469"
"190","3177","3177","3177","0.795199990272522","0.795199990272522","0.795199990272522","3177","3177","3177","0.7609999775886536","0.7609999775886536","0.7609999775886536","3177","3177","3177","0.7839000225067139","0.7839000225067139","0.7839000225067139","3177","3177","3177","0.8087999820709229","0.8087999820709229","0.8087999820709229"
"191","3193","3193","3193","0.7953000068664551","0.7953000068664551","0.7953000068664551","3193","3193","3193","0.758899986743927","0.758899986743927","0.758899986743927","3193","3193","3193","0.7820000052452087","0.7820000052452087","0.7820000052452087","3193","3193","3193","0.8075000047683716","0.8075000047683716","0.8075000047683716"
"192","3210","3210","3210","0.7946000099182129","0.7946000099182129","0.7946000099182129","3210","3210","3210","0.760200023651123","0.760200023651123","0.760200023651123","3210","3210","3210","0.7831000089645386","0.7831000089645386","0.7831000089645386","3210","3210","3210","0.8083999752998352","0.8083999752998352","0.8083999752998352"
"193","3227","3227","3227","0.794700026512146","0.794700026512146","0.794700026512146","3227","3227","3227","0.7613000273704529","0.7613000273704529","0.7613000273704529","3227","3227","3227","0.7831000089645386","0.7831000089645386","0.7831000089645386","3227","3227","3227","0.8086000084877014","0.8086000084877014","0.8086000084877014"
"194","3243","3243","3243","0.7943000197410583","0.7943000197410583","0.7943000197410583","3243","3243","3243","0.7609999775886536","0.7609999775886536","0.7609999775886536","3243","3243","3243","0.7828999757766724","0.7828999757766724","0.7828999757766724","3243","3243","3243","0.8119999766349792","0.8119999766349792","0.8119999766349792"
"195","3260","3260","3260","0.796500027179718","0.796500027179718","0.796500027179718","3260","3260","3260","0.7580999732017517","0.7580999732017517","0.7580999732017517","3260","3260","3260","0.7840999960899353","0.7840999960899353","0.7840999960899353","3260","3260","3260","0.8105999827384949","0.8105999827384949","0.8105999827384949"
"196","3277","3277","3277","0.7950000166893005","0.7950000166893005","0.7950000166893005","3277","3277","3277","0.7591000199317932","0.7591000199317932","0.7591000199317932","3277","3277","3277","0.7836999893188477","0.7836999893188477","0.7836999893188477","3277","3277","3277","0.8104000091552734","0.8104000091552734","0.8104000091552734"
"197","3293","3293","3293","0.7967000007629395","0.7967000007629395","0.7967000007629395","3293","3293","3293","0.7599999904632568","0.7599999904632568","0.7599999904632568","3293","3293","3293","0.7843999862670898","0.7843999862670898","0.7843999862670898","3293","3293","3293","0.8108999729156494","0.8108999729156494","0.8108999729156494"
"198","3310","3310","3310","0.795199990272522","0.795199990272522","0.795199990272522","3310","3310","3310","0.7609000205993652","0.7609000205993652","0.7609000205993652","3310","3310","3310","0.7833999991416931","0.7833999991416931","0.7833999991416931","3310","3310","3310","0.8082000017166138","0.8082000017166138","0.8082000017166138"
"199","3327","3327","3327","0.7964000105857849","0.7964000105857849","0.7964000105857849","3327","3327","3327","0.760200023651123","0.760200023651123","0.760200023651123","3327","3327","3327","0.7813000082969666","0.7813000082969666","0.7813000082969666","3327","3327","3327","0.808899998664856","0.808899998664856","0.808899998664856"