"epoch","LLN-deep-sumlogitsFalse-k256_128-ps53-pool22-bnTrue-bneck32_layer_4 - _step","LLN-deep-sumlogitsFalse-k256_128-ps53-pool22-bnTrue-bneck32_layer_4 - _step__MIN","LLN-deep-sumlogitsFalse-k256_128-ps53-pool22-bnTrue-bneck32_layer_4 - _step__MAX","LLN-deep-sumlogitsFalse-k256_128-ps53-pool22-bnTrue-bneck32_layer_4 - validate_no_aug_accuracy/dataloader_idx_1","LLN-deep-sumlogitsFalse-k256_128-ps53-pool22-bnTrue-bneck32_layer_4 - validate_no_aug_accuracy/dataloader_idx_1__MIN","LLN-deep-sumlogitsFalse-k256_128-ps53-pool22-bnTrue-bneck32_layer_4 - validate_no_aug_accuracy/dataloader_idx_1__MAX","LLN-deep-sumlogitsFalse-k256_128-ps53-pool22-bnTrue-bneck32_layer_3 - _step","LLN-deep-sumlogitsFalse-k256_128-ps53-pool22-bnTrue-bneck32_layer_3 - _step__MIN","LLN-deep-sumlogitsFalse-k256_128-ps53-pool22-bnTrue-bneck32_layer_3 - _step__MAX","LLN-deep-sumlogitsFalse-k256_128-ps53-pool22-bnTrue-bneck32_layer_3 - validate_no_aug_accuracy/dataloader_idx_1","LLN-deep-sumlogitsFalse-k256_128-ps53-pool22-bnTrue-bneck32_layer_3 - validate_no_aug_accuracy/dataloader_idx_1__MIN","LLN-deep-sumlogitsFalse-k256_128-ps53-pool22-bnTrue-bneck32_layer_3 - validate_no_aug_accuracy/dataloader_idx_1__MAX","LLN-deep-sumlogitsFalse-k256_128-ps53-pool22-bnTrue-bneck32_layer_2 - _step","LLN-deep-sumlogitsFalse-k256_128-ps53-pool22-bnTrue-bneck32_layer_2 - _step__MIN","LLN-deep-sumlogitsFalse-k256_128-ps53-pool22-bnTrue-bneck32_layer_2 - _step__MAX","LLN-deep-sumlogitsFalse-k256_128-ps53-pool22-bnTrue-bneck32_layer_2 - validate_no_aug_accuracy/dataloader_idx_1","LLN-deep-sumlogitsFalse-k256_128-ps53-pool22-bnTrue-bneck32_layer_2 - validate_no_aug_accuracy/dataloader_idx_1__MIN","LLN-deep-sumlogitsFalse-k256_128-ps53-pool22-bnTrue-bneck32_layer_2 - validate_no_aug_accuracy/dataloader_idx_1__MAX","LLN-deep-sumlogitsFalse-k256_128-ps53-pool22-bnTrue-bneck32_layer_1 - _step","LLN-deep-sumlogitsFalse-k256_128-ps53-pool22-bnTrue-bneck32_layer_1 - _step__MIN","LLN-deep-sumlogitsFalse-k256_128-ps53-pool22-bnTrue-bneck32_layer_1 - _step__MAX","LLN-deep-sumlogitsFalse-k256_128-ps53-pool22-bnTrue-bneck32_layer_1 - validate_no_aug_accuracy/dataloader_idx_1","LLN-deep-sumlogitsFalse-k256_128-ps53-pool22-bnTrue-bneck32_layer_1 - validate_no_aug_accuracy/dataloader_idx_1__MIN","LLN-deep-sumlogitsFalse-k256_128-ps53-pool22-bnTrue-bneck32_layer_1 - validate_no_aug_accuracy/dataloader_idx_1__MAX"
"0","15","15","15","0.7839999794960022","0.7839999794960022","0.7839999794960022","15","15","15","0.7608000040054321","0.7608000040054321","0.7608000040054321","15","15","15","0.7339000105857849","0.7339000105857849","0.7339000105857849","15","15","15","0.6208999752998352","0.6208999752998352","0.6208999752998352"
"1","32","32","32","0.7968000173568726","0.7968000173568726","0.7968000173568726","32","32","32","0.786300003528595","0.786300003528595","0.786300003528595","32","32","32","0.7684000134468079","0.7684000134468079","0.7684000134468079","32","32","32","0.6373000144958496","0.6373000144958496","0.6373000144958496"
"2","48","48","48","0.8065000176429749","0.8065000176429749","0.8065000176429749","48","48","48","0.7936000227928162","0.7936000227928162","0.7936000227928162","48","48","48","0.7825000286102295","0.7825000286102295","0.7825000286102295","48","48","48","0.6549999713897705","0.6549999713897705","0.6549999713897705"
"3","65","65","65","0.8105999827384949","0.8105999827384949","0.8105999827384949","65","65","65","0.7997000217437744","0.7997000217437744","0.7997000217437744","65","65","65","0.7871000170707703","0.7871000170707703","0.7871000170707703","65","65","65","0.6632000207901001","0.6632000207901001","0.6632000207901001"
"4","82","82","82","0.8118000030517578","0.8118000030517578","0.8118000030517578","82","82","82","0.8048999905586243","0.8048999905586243","0.8048999905586243","82","82","82","0.791700005531311","0.791700005531311","0.791700005531311","82","82","82","0.6607000231742859","0.6607000231742859","0.6607000231742859"
"5","98","98","98","0.8144999742507935","0.8144999742507935","0.8144999742507935","98","98","98","0.8062999844551086","0.8062999844551086","0.8062999844551086","98","98","98","0.7964000105857849","0.7964000105857849","0.7964000105857849","98","98","98","0.6790000200271606","0.6790000200271606","0.6790000200271606"
"6","115","115","115","0.8191999793052673","0.8191999793052673","0.8191999793052673","115","115","115","0.8093000054359436","0.8093000054359436","0.8093000054359436","115","115","115","0.7932000160217285","0.7932000160217285","0.7932000160217285","115","115","115","0.6802999973297119","0.6802999973297119","0.6802999973297119"
"7","132","132","132","0.8183000087738037","0.8183000087738037","0.8183000087738037","132","132","132","0.8125","0.8125","0.8125","132","132","132","0.7973999977111816","0.7973999977111816","0.7973999977111816","132","132","132","0.6593000292778015","0.6593000292778015","0.6593000292778015"
"8","148","148","148","0.8203999996185303","0.8203999996185303","0.8203999996185303","148","148","148","0.8115000128746033","0.8115000128746033","0.8115000128746033","148","148","148","0.7968000173568726","0.7968000173568726","0.7968000173568726","148","148","148","0.65829998254776","0.65829998254776","0.65829998254776"
"9","165","165","165","0.8179000020027161","0.8179000020027161","0.8179000020027161","165","165","165","0.8159000277519226","0.8159000277519226","0.8159000277519226","165","165","165","0.7950000166893005","0.7950000166893005","0.7950000166893005","165","165","165","0.6901999711990356","0.6901999711990356","0.6901999711990356"
"10","182","182","182","0.8194000124931335","0.8194000124931335","0.8194000124931335","182","182","182","0.8159000277519226","0.8159000277519226","0.8159000277519226","182","182","182","0.8036999702453613","0.8036999702453613","0.8036999702453613","182","182","182","0.6800000071525574","0.6800000071525574","0.6800000071525574"
"11","198","198","198","0.8180999755859375","0.8180999755859375","0.8180999755859375","198","198","198","0.8140000104904175","0.8140000104904175","0.8140000104904175","198","198","198","0.8029999732971191","0.8029999732971191","0.8029999732971191","198","198","198","0.699400007724762","0.699400007724762","0.699400007724762"
"12","215","215","215","0.819599986076355","0.819599986076355","0.819599986076355","215","215","215","0.8166999816894531","0.8166999816894531","0.8166999816894531","215","215","215","0.8062000274658203","0.8062000274658203","0.8062000274658203","215","215","215","0.6948999762535095","0.6948999762535095","0.6948999762535095"
"13","231","231","231","0.8184999823570251","0.8184999823570251","0.8184999823570251","231","231","231","0.8136000037193298","0.8136000037193298","0.8136000037193298","231","231","231","0.8065999746322632","0.8065999746322632","0.8065999746322632","231","231","231","0.7006999850273132","0.7006999850273132","0.7006999850273132"
"14","248","248","248","0.8187999725341797","0.8187999725341797","0.8187999725341797","248","248","248","0.8151000142097473","0.8151000142097473","0.8151000142097473","248","248","248","0.8014000058174133","0.8014000058174133","0.8014000058174133","248","248","248","0.6995999813079834","0.6995999813079834","0.6995999813079834"
"15","265","265","265","0.8173999786376953","0.8173999786376953","0.8173999786376953","265","265","265","0.8215000033378601","0.8215000033378601","0.8215000033378601","265","265","265","0.8008999824523926","0.8008999824523926","0.8008999824523926","265","265","265","0.7196000218391418","0.7196000218391418","0.7196000218391418"
"16","281","281","281","0.8185999989509583","0.8185999989509583","0.8185999989509583","281","281","281","0.8180999755859375","0.8180999755859375","0.8180999755859375","281","281","281","0.8014000058174133","0.8014000058174133","0.8014000058174133","281","281","281","0.7075999975204468","0.7075999975204468","0.7075999975204468"
"17","298","298","298","0.8201000094413757","0.8201000094413757","0.8201000094413757","298","298","298","0.8159000277519226","0.8159000277519226","0.8159000277519226","298","298","298","0.8015999794006348","0.8015999794006348","0.8015999794006348","298","298","298","0.7057999968528748","0.7057999968528748","0.7057999968528748"
"18","315","315","315","0.8201000094413757","0.8201000094413757","0.8201000094413757","315","315","315","0.8156999945640564","0.8156999945640564","0.8156999945640564","315","315","315","0.8075000047683716","0.8075000047683716","0.8075000047683716","315","315","315","0.7103000283241272","0.7103000283241272","0.7103000283241272"
"19","331","331","331","0.8169999718666077","0.8169999718666077","0.8169999718666077","331","331","331","0.8199999928474426","0.8199999928474426","0.8199999928474426","331","331","331","0.8059999942779541","0.8059999942779541","0.8059999942779541","331","331","331","0.7074999809265137","0.7074999809265137","0.7074999809265137"
"20","348","348","348","0.8203999996185303","0.8203999996185303","0.8203999996185303","348","348","348","0.8170999884605408","0.8170999884605408","0.8170999884605408","348","348","348","0.8072999715805054","0.8072999715805054","0.8072999715805054","348","348","348","0.7195000052452087","0.7195000052452087","0.7195000052452087"
"21","365","365","365","0.8209999799728394","0.8209999799728394","0.8209999799728394","365","365","365","0.8191999793052673","0.8191999793052673","0.8191999793052673","365","365","365","0.8080999851226807","0.8080999851226807","0.8080999851226807","365","365","365","0.7125999927520752","0.7125999927520752","0.7125999927520752"
"22","381","381","381","0.8238000273704529","0.8238000273704529","0.8238000273704529","381","381","381","0.8172000050544739","0.8172000050544739","0.8172000050544739","381","381","381","0.8070999979972839","0.8070999979972839","0.8070999979972839","381","381","381","0.7290999889373779","0.7290999889373779","0.7290999889373779"
"23","398","398","398","0.8252000212669373","0.8252000212669373","0.8252000212669373","398","398","398","0.8222000002861023","0.8222000002861023","0.8222000002861023","398","398","398","0.8069999814033508","0.8069999814033508","0.8069999814033508","398","398","398","0.7305999994277954","0.7305999994277954","0.7305999994277954"
"24","415","415","415","0.8195000290870667","0.8195000290870667","0.8195000290870667","415","415","415","0.8190000057220459","0.8190000057220459","0.8190000057220459","415","415","415","0.807699978351593","0.807699978351593","0.807699978351593","415","415","415","0.730400025844574","0.730400025844574","0.730400025844574"
"25","431","431","431","0.8198000192642212","0.8198000192642212","0.8198000192642212","431","431","431","0.8172000050544739","0.8172000050544739","0.8172000050544739","431","431","431","0.8100000023841858","0.8100000023841858","0.8100000023841858","431","431","431","0.7294999957084656","0.7294999957084656","0.7294999957084656"
"26","448","448","448","0.8233000040054321","0.8233000040054321","0.8233000040054321","448","448","448","0.8184999823570251","0.8184999823570251","0.8184999823570251","448","448","448","0.8069999814033508","0.8069999814033508","0.8069999814033508","448","448","448","0.7283999919891357","0.7283999919891357","0.7283999919891357"
"27","464","464","464","0.8227999806404114","0.8227999806404114","0.8227999806404114","464","464","464","0.8195000290870667","0.8195000290870667","0.8195000290870667","464","464","464","0.8044000267982483","0.8044000267982483","0.8044000267982483","464","464","464","0.7287999987602234","0.7287999987602234","0.7287999987602234"
"28","481","481","481","0.8224999904632568","0.8224999904632568","0.8224999904632568","481","481","481","0.8208000063896179","0.8208000063896179","0.8208000063896179","481","481","481","0.8082000017166138","0.8082000017166138","0.8082000017166138","481","481","481","0.7293000221252441","0.7293000221252441","0.7293000221252441"
"29","498","498","498","0.8202000260353088","0.8202000260353088","0.8202000260353088","498","498","498","0.8166999816894531","0.8166999816894531","0.8166999816894531","498","498","498","0.8080000281333923","0.8080000281333923","0.8080000281333923","498","498","498","0.7373999953269958","0.7373999953269958","0.7373999953269958"
"30","514","514","514","0.8230999708175659","0.8230999708175659","0.8230999708175659","514","514","514","0.8190000057220459","0.8190000057220459","0.8190000057220459","514","514","514","0.8069000244140625","0.8069000244140625","0.8069000244140625","514","514","514","0.7394000291824341","0.7394000291824341","0.7394000291824341"
"31","531","531","531","0.8237000107765198","0.8237000107765198","0.8237000107765198","531","531","531","0.819599986076355","0.819599986076355","0.819599986076355","531","531","531","0.8083999752998352","0.8083999752998352","0.8083999752998352","531","531","531","0.7411999702453613","0.7411999702453613","0.7411999702453613"
"32","548","548","548","0.8217999935150146","0.8217999935150146","0.8217999935150146","548","548","548","0.8212000131607056","0.8212000131607056","0.8212000131607056","548","548","548","0.8048999905586243","0.8048999905586243","0.8048999905586243","548","548","548","0.7391999959945679","0.7391999959945679","0.7391999959945679"
"33","564","564","564","0.824400007724762","0.824400007724762","0.824400007724762","564","564","564","0.8165000081062317","0.8165000081062317","0.8165000081062317","564","564","564","0.8087999820709229","0.8087999820709229","0.8087999820709229","564","564","564","0.7347000241279602","0.7347000241279602","0.7347000241279602"
"34","581","581","581","0.8245000243186951","0.8245000243186951","0.8245000243186951","581","581","581","0.8151999711990356","0.8151999711990356","0.8151999711990356","581","581","581","0.8097000122070312","0.8097000122070312","0.8097000122070312","581","581","581","0.7433000206947327","0.7433000206947327","0.7433000206947327"
"35","598","598","598","0.8213000297546387","0.8213000297546387","0.8213000297546387","598","598","598","0.8195000290870667","0.8195000290870667","0.8195000290870667","598","598","598","0.8104000091552734","0.8104000091552734","0.8104000091552734","598","598","598","0.7443000078201294","0.7443000078201294","0.7443000078201294"
"36","614","614","614","0.8202000260353088","0.8202000260353088","0.8202000260353088","614","614","614","0.8166999816894531","0.8166999816894531","0.8166999816894531","614","614","614","0.8091999888420105","0.8091999888420105","0.8091999888420105","614","614","614","0.7444000244140625","0.7444000244140625","0.7444000244140625"
"37","631","631","631","0.8264999985694885","0.8264999985694885","0.8264999985694885","631","631","631","0.8184000253677368","0.8184000253677368","0.8184000253677368","631","631","631","0.8113999962806702","0.8113999962806702","0.8113999962806702","631","631","631","0.7347000241279602","0.7347000241279602","0.7347000241279602"
"38","647","647","647","0.8220000267028809","0.8220000267028809","0.8220000267028809","647","647","647","0.8202999830245972","0.8202999830245972","0.8202999830245972","647","647","647","0.8086000084877014","0.8086000084877014","0.8086000084877014","647","647","647","0.7462000250816345","0.7462000250816345","0.7462000250816345"
"39","664","664","664","0.824400007724762","0.824400007724762","0.824400007724762","664","664","664","0.8155999779701233","0.8155999779701233","0.8155999779701233","664","664","664","0.8129000067710876","0.8129000067710876","0.8129000067710876","664","664","664","0.7477999925613403","0.7477999925613403","0.7477999925613403"
"40","681","681","681","0.8210999965667725","0.8210999965667725","0.8210999965667725","681","681","681","0.8176000118255615","0.8176000118255615","0.8176000118255615","681","681","681","0.8102999925613403","0.8102999925613403","0.8102999925613403","681","681","681","0.7512000203132629","0.7512000203132629","0.7512000203132629"
"41","697","697","697","0.8233000040054321","0.8233000040054321","0.8233000040054321","697","697","697","0.8199999928474426","0.8199999928474426","0.8199999928474426","697","697","697","0.8119999766349792","0.8119999766349792","0.8119999766349792","697","697","697","0.7458000183105469","0.7458000183105469","0.7458000183105469"
"42","714","714","714","0.8234999775886536","0.8234999775886536","0.8234999775886536","714","714","714","0.8220999836921692","0.8220999836921692","0.8220999836921692","714","714","714","0.8061000108718872","0.8061000108718872","0.8061000108718872","714","714","714","0.7491000294685364","0.7491000294685364","0.7491000294685364"
"43","731","731","731","0.8234000205993652","0.8234000205993652","0.8234000205993652","731","731","731","0.8208000063896179","0.8208000063896179","0.8208000063896179","731","731","731","0.8116000294685364","0.8116000294685364","0.8116000294685364","731","731","731","0.755299985408783","0.755299985408783","0.755299985408783"
"44","747","747","747","0.8228999972343445","0.8228999972343445","0.8228999972343445","747","747","747","0.8184000253677368","0.8184000253677368","0.8184000253677368","747","747","747","0.8131999969482422","0.8131999969482422","0.8131999969482422","747","747","747","0.7451000213623047","0.7451000213623047","0.7451000213623047"
"45","764","764","764","0.822700023651123","0.822700023651123","0.822700023651123","764","764","764","0.819100022315979","0.819100022315979","0.819100022315979","764","764","764","0.8095999956130981","0.8095999956130981","0.8095999956130981","764","764","764","0.757099986076355","0.757099986076355","0.757099986076355"
"46","781","781","781","0.8212000131607056","0.8212000131607056","0.8212000131607056","781","781","781","0.8187999725341797","0.8187999725341797","0.8187999725341797","781","781","781","0.8105999827384949","0.8105999827384949","0.8105999827384949","781","781","781","0.7465000152587891","0.7465000152587891","0.7465000152587891"
"47","797","797","797","0.8230999708175659","0.8230999708175659","0.8230999708175659","797","797","797","0.8222000002861023","0.8222000002861023","0.8222000002861023","797","797","797","0.8087000250816345","0.8087000250816345","0.8087000250816345","797","797","797","0.7511000037193298","0.7511000037193298","0.7511000037193298"
"48","814","814","814","0.8234000205993652","0.8234000205993652","0.8234000205993652","814","814","814","0.819100022315979","0.819100022315979","0.819100022315979","814","814","814","0.8136000037193298","0.8136000037193298","0.8136000037193298","814","814","814","0.751800000667572","0.751800000667572","0.751800000667572"
"49","831","831","831","0.8220999836921692","0.8220999836921692","0.8220999836921692","831","831","831","0.8220999836921692","0.8220999836921692","0.8220999836921692","831","831","831","0.8097000122070312","0.8097000122070312","0.8097000122070312","831","831","831","0.757099986076355","0.757099986076355","0.757099986076355"
"50","847","847","847","0.8223000168800354","0.8223000168800354","0.8223000168800354","847","847","847","0.8202999830245972","0.8202999830245972","0.8202999830245972","847","847","847","0.8101000189781189","0.8101000189781189","0.8101000189781189","847","847","847","0.7616000175476074","0.7616000175476074","0.7616000175476074"
"51","864","864","864","0.8248000144958496","0.8248000144958496","0.8248000144958496","864","864","864","0.8227999806404114","0.8227999806404114","0.8227999806404114","864","864","864","0.8134999871253967","0.8134999871253967","0.8134999871253967","864","864","864","0.7623000144958496","0.7623000144958496","0.7623000144958496"
"52","880","880","880","0.8246999979019165","0.8246999979019165","0.8246999979019165","880","880","880","0.8216999769210815","0.8216999769210815","0.8216999769210815","880","880","880","0.8111000061035156","0.8111000061035156","0.8111000061035156","880","880","880","0.7551000118255615","0.7551000118255615","0.7551000118255615"
"53","897","897","897","0.8238000273704529","0.8238000273704529","0.8238000273704529","897","897","897","0.8235999941825867","0.8235999941825867","0.8235999941825867","897","897","897","0.8126000165939331","0.8126000165939331","0.8126000165939331","897","897","897","0.7644000053405762","0.7644000053405762","0.7644000053405762"
"54","914","914","914","0.8197000026702881","0.8197000026702881","0.8197000026702881","914","914","914","0.8224999904632568","0.8224999904632568","0.8224999904632568","914","914","914","0.8104000091552734","0.8104000091552734","0.8104000091552734","914","914","914","0.774399995803833","0.774399995803833","0.774399995803833"
"55","930","930","930","0.822700023651123","0.822700023651123","0.822700023651123","930","930","930","0.8180999755859375","0.8180999755859375","0.8180999755859375","930","930","930","0.8120999932289124","0.8120999932289124","0.8120999932289124","930","930","930","0.7609000205993652","0.7609000205993652","0.7609000205993652"
"56","947","947","947","0.8233000040054321","0.8233000040054321","0.8233000040054321","947","947","947","0.8205000162124634","0.8205000162124634","0.8205000162124634","947","947","947","0.8151999711990356","0.8151999711990356","0.8151999711990356","947","947","947","0.7660999894142151","0.7660999894142151","0.7660999894142151"
"57","964","964","964","0.822700023651123","0.822700023651123","0.822700023651123","964","964","964","0.8202999830245972","0.8202999830245972","0.8202999830245972","964","964","964","0.815500020980835","0.815500020980835","0.815500020980835","964","964","964","0.7615000009536743","0.7615000009536743","0.7615000009536743"
"58","980","980","980","0.8263000249862671","0.8263000249862671","0.8263000249862671","980","980","980","0.8223000168800354","0.8223000168800354","0.8223000168800354","980","980","980","0.8130000233650208","0.8130000233650208","0.8130000233650208","980","980","980","0.7626000046730042","0.7626000046730042","0.7626000046730042"
"59","997","997","997","0.8235999941825867","0.8235999941825867","0.8235999941825867","997","997","997","0.8238000273704529","0.8238000273704529","0.8238000273704529","997","997","997","0.8131999969482422","0.8131999969482422","0.8131999969482422","997","997","997","0.7681999802589417","0.7681999802589417","0.7681999802589417"
"60","1014","1014","1014","0.8240000009536743","0.8240000009536743","0.8240000009536743","1014","1014","1014","0.8230000138282776","0.8230000138282776","0.8230000138282776","1014","1014","1014","0.8122000098228455","0.8122000098228455","0.8122000098228455","1014","1014","1014","0.7508999705314636","0.7508999705314636","0.7508999705314636"
"61","1030","1030","1030","0.8253999948501587","0.8253999948501587","0.8253999948501587","1030","1030","1030","0.819599986076355","0.819599986076355","0.819599986076355","1030","1030","1030","0.8134999871253967","0.8134999871253967","0.8134999871253967","1030","1030","1030","0.7651000022888184","0.7651000022888184","0.7651000022888184"
"62","1047","1047","1047","0.8238000273704529","0.8238000273704529","0.8238000273704529","1047","1047","1047","0.8202000260353088","0.8202000260353088","0.8202000260353088","1047","1047","1047","0.817300021648407","0.817300021648407","0.817300021648407","1047","1047","1047","0.7670999765396118","0.7670999765396118","0.7670999765396118"
"63","1063","1063","1063","0.8252000212669373","0.8252000212669373","0.8252000212669373","1063","1063","1063","0.8201000094413757","0.8201000094413757","0.8201000094413757","1063","1063","1063","0.8126000165939331","0.8126000165939331","0.8126000165939331","1063","1063","1063","0.7617999911308289","0.7617999911308289","0.7617999911308289"
"64","1080","1080","1080","0.8223999738693237","0.8223999738693237","0.8223999738693237","1080","1080","1080","0.8195000290870667","0.8195000290870667","0.8195000290870667","1080","1080","1080","0.8123000264167786","0.8123000264167786","0.8123000264167786","1080","1080","1080","0.7641000151634216","0.7641000151634216","0.7641000151634216"
"65","1097","1097","1097","0.8264999985694885","0.8264999985694885","0.8264999985694885","1097","1097","1097","0.8198000192642212","0.8198000192642212","0.8198000192642212","1097","1097","1097","0.8138999938964844","0.8138999938964844","0.8138999938964844","1097","1097","1097","0.7671999931335449","0.7671999931335449","0.7671999931335449"
"66","1113","1113","1113","0.8274999856948853","0.8274999856948853","0.8274999856948853","1113","1113","1113","0.820900022983551","0.820900022983551","0.820900022983551","1113","1113","1113","0.8151000142097473","0.8151000142097473","0.8151000142097473","1113","1113","1113","0.7620000243186951","0.7620000243186951","0.7620000243186951"
"67","1130","1130","1130","0.8277999758720398","0.8277999758720398","0.8277999758720398","1130","1130","1130","0.8206999897956848","0.8206999897956848","0.8206999897956848","1130","1130","1130","0.8149999976158142","0.8149999976158142","0.8149999976158142","1130","1130","1130","0.7721999883651733","0.7721999883651733","0.7721999883651733"
"68","1147","1147","1147","0.8238000273704529","0.8238000273704529","0.8238000273704529","1147","1147","1147","0.8216999769210815","0.8216999769210815","0.8216999769210815","1147","1147","1147","0.8126999735832214","0.8126999735832214","0.8126999735832214","1147","1147","1147","0.7706000208854675","0.7706000208854675","0.7706000208854675"
"69","1163","1163","1163","0.8240000009536743","0.8240000009536743","0.8240000009536743","1163","1163","1163","0.8199999928474426","0.8199999928474426","0.8199999928474426","1163","1163","1163","0.8130000233650208","0.8130000233650208","0.8130000233650208","1163","1163","1163","0.7563999891281128","0.7563999891281128","0.7563999891281128"
"70","1180","1180","1180","0.8281999826431274","0.8281999826431274","0.8281999826431274","1180","1180","1180","0.8241999745368958","0.8241999745368958","0.8241999745368958","1180","1180","1180","0.8131999969482422","0.8131999969482422","0.8131999969482422","1180","1180","1180","0.7638999819755554","0.7638999819755554","0.7638999819755554"
"71","1197","1197","1197","0.824400007724762","0.824400007724762","0.824400007724762","1197","1197","1197","0.822700023651123","0.822700023651123","0.822700023651123","1197","1197","1197","0.8179000020027161","0.8179000020027161","0.8179000020027161","1197","1197","1197","0.7760000228881836","0.7760000228881836","0.7760000228881836"
"72","1213","1213","1213","0.8282999992370605","0.8282999992370605","0.8282999992370605","1213","1213","1213","0.819599986076355","0.819599986076355","0.819599986076355","1213","1213","1213","0.8147000074386597","0.8147000074386597","0.8147000074386597","1213","1213","1213","0.776199996471405","0.776199996471405","0.776199996471405"
"73","1230","1230","1230","0.8248000144958496","0.8248000144958496","0.8248000144958496","1230","1230","1230","0.8206999897956848","0.8206999897956848","0.8206999897956848","1230","1230","1230","0.8152999877929688","0.8152999877929688","0.8152999877929688","1230","1230","1230","0.7613999843597412","0.7613999843597412","0.7613999843597412"
"74","1247","1247","1247","0.8248999714851379","0.8248999714851379","0.8248999714851379","1247","1247","1247","0.8187000155448914","0.8187000155448914","0.8187000155448914","1247","1247","1247","0.8105000257492065","0.8105000257492065","0.8105000257492065","1247","1247","1247","0.7682999968528748","0.7682999968528748","0.7682999968528748"
"75","1263","1263","1263","0.8278999924659729","0.8278999924659729","0.8278999924659729","1263","1263","1263","0.820900022983551","0.820900022983551","0.820900022983551","1263","1263","1263","0.8123999834060669","0.8123999834060669","0.8123999834060669","1263","1263","1263","0.7734000086784363","0.7734000086784363","0.7734000086784363"
"76","1280","1280","1280","0.8260999917984009","0.8260999917984009","0.8260999917984009","1280","1280","1280","0.8222000002861023","0.8222000002861023","0.8222000002861023","1280","1280","1280","0.8113999962806702","0.8113999962806702","0.8113999962806702","1280","1280","1280","0.7705000042915344","0.7705000042915344","0.7705000042915344"
"77","1296","1296","1296","0.824400007724762","0.824400007724762","0.824400007724762","1296","1296","1296","0.8195000290870667","0.8195000290870667","0.8195000290870667","1296","1296","1296","0.8141000270843506","0.8141000270843506","0.8141000270843506","1296","1296","1296","0.7736999988555908","0.7736999988555908","0.7736999988555908"
"78","1313","1313","1313","0.826200008392334","0.826200008392334","0.826200008392334","1313","1313","1313","0.8245000243186951","0.8245000243186951","0.8245000243186951","1313","1313","1313","0.817300021648407","0.817300021648407","0.817300021648407","1313","1313","1313","0.7759000062942505","0.7759000062942505","0.7759000062942505"
"79","1330","1330","1330","0.824999988079071","0.824999988079071","0.824999988079071","1330","1330","1330","0.8195000290870667","0.8195000290870667","0.8195000290870667","1330","1330","1330","0.8098000288009644","0.8098000288009644","0.8098000288009644","1330","1330","1330","0.7728999853134155","0.7728999853134155","0.7728999853134155"
"80","1346","1346","1346","0.8238999843597412","0.8238999843597412","0.8238999843597412","1346","1346","1346","0.8192999958992004","0.8192999958992004","0.8192999958992004","1346","1346","1346","0.8116999864578247","0.8116999864578247","0.8116999864578247","1346","1346","1346","0.7649000287055969","0.7649000287055969","0.7649000287055969"
"81","1363","1363","1363","0.8252000212669373","0.8252000212669373","0.8252000212669373","1363","1363","1363","0.8198999762535095","0.8198999762535095","0.8198999762535095","1363","1363","1363","0.8147000074386597","0.8147000074386597","0.8147000074386597","1363","1363","1363","0.7681999802589417","0.7681999802589417","0.7681999802589417"
"82","1380","1380","1380","0.8242999911308289","0.8242999911308289","0.8242999911308289","1380","1380","1380","0.8216999769210815","0.8216999769210815","0.8216999769210815","1380","1380","1380","0.814300000667572","0.814300000667572","0.814300000667572","1380","1380","1380","0.777999997138977","0.777999997138977","0.777999997138977"
"83","1396","1396","1396","0.8260999917984009","0.8260999917984009","0.8260999917984009","1396","1396","1396","0.8191999793052673","0.8191999793052673","0.8191999793052673","1396","1396","1396","0.8151999711990356","0.8151999711990356","0.8151999711990356","1396","1396","1396","0.775600016117096","0.775600016117096","0.775600016117096"
"84","1413","1413","1413","0.8263999819755554","0.8263999819755554","0.8263999819755554","1413","1413","1413","0.8202000260353088","0.8202000260353088","0.8202000260353088","1413","1413","1413","0.8154000043869019","0.8154000043869019","0.8154000043869019","1413","1413","1413","0.7649999856948853","0.7649999856948853","0.7649999856948853"
"85","1430","1430","1430","0.8213000297546387","0.8213000297546387","0.8213000297546387","1430","1430","1430","0.8223000168800354","0.8223000168800354","0.8223000168800354","1430","1430","1430","0.8141000270843506","0.8141000270843506","0.8141000270843506","1430","1430","1430","0.7736999988555908","0.7736999988555908","0.7736999988555908"
"86","1446","1446","1446","0.824400007724762","0.824400007724762","0.824400007724762","1446","1446","1446","0.8206999897956848","0.8206999897956848","0.8206999897956848","1446","1446","1446","0.8140000104904175","0.8140000104904175","0.8140000104904175","1446","1446","1446","0.7644000053405762","0.7644000053405762","0.7644000053405762"
"87","1463","1463","1463","0.8245999813079834","0.8245999813079834","0.8245999813079834","1463","1463","1463","0.8188999891281128","0.8188999891281128","0.8188999891281128","1463","1463","1463","0.8125","0.8125","0.8125","1463","1463","1463","0.7766000032424927","0.7766000032424927","0.7766000032424927"
"88","1479","1479","1479","0.8266000151634216","0.8266000151634216","0.8266000151634216","1479","1479","1479","0.8227999806404114","0.8227999806404114","0.8227999806404114","1479","1479","1479","0.815500020980835","0.815500020980835","0.815500020980835","1479","1479","1479","0.7706000208854675","0.7706000208854675","0.7706000208854675"
"89","1496","1496","1496","0.8235999941825867","0.8235999941825867","0.8235999941825867","1496","1496","1496","0.8216000199317932","0.8216000199317932","0.8216000199317932","1496","1496","1496","0.8105000257492065","0.8105000257492065","0.8105000257492065","1496","1496","1496","0.7802000045776367","0.7802000045776367","0.7802000045776367"
"90","1513","1513","1513","0.8258000016212463","0.8258000016212463","0.8258000016212463","1513","1513","1513","0.8203999996185303","0.8203999996185303","0.8203999996185303","1513","1513","1513","0.8137000203132629","0.8137000203132629","0.8137000203132629","1513","1513","1513","0.7739999890327454","0.7739999890327454","0.7739999890327454"
"91","1529","1529","1529","0.8246999979019165","0.8246999979019165","0.8246999979019165","1529","1529","1529","0.8202999830245972","0.8202999830245972","0.8202999830245972","1529","1529","1529","0.817799985408783","0.817799985408783","0.817799985408783","1529","1529","1529","0.7835000157356262","0.7835000157356262","0.7835000157356262"
"92","1546","1546","1546","0.8245000243186951","0.8245000243186951","0.8245000243186951","1546","1546","1546","0.819100022315979","0.819100022315979","0.819100022315979","1546","1546","1546","0.8180999755859375","0.8180999755859375","0.8180999755859375","1546","1546","1546","0.7825000286102295","0.7825000286102295","0.7825000286102295"
"93","1563","1563","1563","0.822700023651123","0.822700023651123","0.822700023651123","1563","1563","1563","0.8205000162124634","0.8205000162124634","0.8205000162124634","1563","1563","1563","0.8151999711990356","0.8151999711990356","0.8151999711990356","1563","1563","1563","0.7750999927520752","0.7750999927520752","0.7750999927520752"
"94","1579","1579","1579","0.8270999789237976","0.8270999789237976","0.8270999789237976","1579","1579","1579","0.8166999816894531","0.8166999816894531","0.8166999816894531","1579","1579","1579","0.8152999877929688","0.8152999877929688","0.8152999877929688","1579","1579","1579","0.7759000062942505","0.7759000062942505","0.7759000062942505"
"95","1596","1596","1596","0.8227999806404114","0.8227999806404114","0.8227999806404114","1596","1596","1596","0.8201000094413757","0.8201000094413757","0.8201000094413757","1596","1596","1596","0.8125","0.8125","0.8125","1596","1596","1596","0.7799000144004822","0.7799000144004822","0.7799000144004822"
"96","1613","1613","1613","0.8233000040054321","0.8233000040054321","0.8233000040054321","1613","1613","1613","0.8191999793052673","0.8191999793052673","0.8191999793052673","1613","1613","1613","0.8173999786376953","0.8173999786376953","0.8173999786376953","1613","1613","1613","0.7757999897003174","0.7757999897003174","0.7757999897003174"
"97","1629","1629","1629","0.8273000121116638","0.8273000121116638","0.8273000121116638","1629","1629","1629","0.8187999725341797","0.8187999725341797","0.8187999725341797","1629","1629","1629","0.8087999820709229","0.8087999820709229","0.8087999820709229","1629","1629","1629","0.7667999863624573","0.7667999863624573","0.7667999863624573"
"98","1646","1646","1646","0.8241000175476074","0.8241000175476074","0.8241000175476074","1646","1646","1646","0.8201000094413757","0.8201000094413757","0.8201000094413757","1646","1646","1646","0.8102999925613403","0.8102999925613403","0.8102999925613403","1646","1646","1646","0.7667999863624573","0.7667999863624573","0.7667999863624573"
"99","1663","1663","1663","0.8248000144958496","0.8248000144958496","0.8248000144958496","1663","1663","1663","0.8194000124931335","0.8194000124931335","0.8194000124931335","1663","1663","1663","0.8105000257492065","0.8105000257492065","0.8105000257492065","1663","1663","1663","0.7764999866485596","0.7764999866485596","0.7764999866485596"
"100","1679","1679","1679","0.8274999856948853","0.8274999856948853","0.8274999856948853","1679","1679","1679","0.8241999745368958","0.8241999745368958","0.8241999745368958","1679","1679","1679","0.8169000148773193","0.8169000148773193","0.8169000148773193","1679","1679","1679","0.7961999773979187","0.7961999773979187","0.7961999773979187"
"101","1696","1696","1696","0.829200029373169","0.829200029373169","0.829200029373169","1696","1696","1696","0.8251000046730042","0.8251000046730042","0.8251000046730042","1696","1696","1696","0.8190000057220459","0.8190000057220459","0.8190000057220459","1696","1696","1696","0.7973999977111816","0.7973999977111816","0.7973999977111816"
"102","1712","1712","1712","0.8288999795913696","0.8288999795913696","0.8288999795913696","1712","1712","1712","0.8255000114440918","0.8255000114440918","0.8255000114440918","1712","1712","1712","0.8219000101089478","0.8219000101089478","0.8219000101089478","1712","1712","1712","0.7980999946594238","0.7980999946594238","0.7980999946594238"
"103","1729","1729","1729","0.829200029373169","0.829200029373169","0.829200029373169","1729","1729","1729","0.8267999887466431","0.8267999887466431","0.8267999887466431","1729","1729","1729","0.8195000290870667","0.8195000290870667","0.8195000290870667","1729","1729","1729","0.7986000180244446","0.7986000180244446","0.7986000180244446"
"104","1746","1746","1746","0.8299999833106995","0.8299999833106995","0.8299999833106995","1746","1746","1746","0.826200008392334","0.826200008392334","0.826200008392334","1746","1746","1746","0.8208000063896179","0.8208000063896179","0.8208000063896179","1746","1746","1746","0.7997999787330627","0.7997999787330627","0.7997999787330627"
"105","1762","1762","1762","0.8288999795913696","0.8288999795913696","0.8288999795913696","1762","1762","1762","0.8256000280380249","0.8256000280380249","0.8256000280380249","1762","1762","1762","0.8212000131607056","0.8212000131607056","0.8212000131607056","1762","1762","1762","0.8008999824523926","0.8008999824523926","0.8008999824523926"
"106","1779","1779","1779","0.8295000195503235","0.8295000195503235","0.8295000195503235","1779","1779","1779","0.826200008392334","0.826200008392334","0.826200008392334","1779","1779","1779","0.821399986743927","0.821399986743927","0.821399986743927","1779","1779","1779","0.8033000230789185","0.8033000230789185","0.8033000230789185"
"107","1796","1796","1796","0.8314999938011169","0.8314999938011169","0.8314999938011169","1796","1796","1796","0.8269000053405762","0.8269000053405762","0.8269000053405762","1796","1796","1796","0.8197000026702881","0.8197000026702881","0.8197000026702881","1796","1796","1796","0.8040000200271606","0.8040000200271606","0.8040000200271606"
"108","1812","1812","1812","0.829200029373169","0.829200029373169","0.829200029373169","1812","1812","1812","0.8251000046730042","0.8251000046730042","0.8251000046730042","1812","1812","1812","0.8224999904632568","0.8224999904632568","0.8224999904632568","1812","1812","1812","0.8014000058174133","0.8014000058174133","0.8014000058174133"
"109","1829","1829","1829","0.829800009727478","0.829800009727478","0.829800009727478","1829","1829","1829","0.8274000287055969","0.8274000287055969","0.8274000287055969","1829","1829","1829","0.8217999935150146","0.8217999935150146","0.8217999935150146","1829","1829","1829","0.8062999844551086","0.8062999844551086","0.8062999844551086"
"110","1846","1846","1846","0.8306999802589417","0.8306999802589417","0.8306999802589417","1846","1846","1846","0.8263000249862671","0.8263000249862671","0.8263000249862671","1846","1846","1846","0.8208000063896179","0.8208000063896179","0.8208000063896179","1846","1846","1846","0.804099977016449","0.804099977016449","0.804099977016449"
"111","1862","1862","1862","0.8287000060081482","0.8287000060081482","0.8287000060081482","1862","1862","1862","0.8273000121116638","0.8273000121116638","0.8273000121116638","1862","1862","1862","0.8230999708175659","0.8230999708175659","0.8230999708175659","1862","1862","1862","0.803600013256073","0.803600013256073","0.803600013256073"
"112","1879","1879","1879","0.8303999900817871","0.8303999900817871","0.8303999900817871","1879","1879","1879","0.8259999752044678","0.8259999752044678","0.8259999752044678","1879","1879","1879","0.8209999799728394","0.8209999799728394","0.8209999799728394","1879","1879","1879","0.8052999973297119","0.8052999973297119","0.8052999973297119"
"113","1895","1895","1895","0.8278999924659729","0.8278999924659729","0.8278999924659729","1895","1895","1895","0.8252000212669373","0.8252000212669373","0.8252000212669373","1895","1895","1895","0.8216999769210815","0.8216999769210815","0.8216999769210815","1895","1895","1895","0.8062000274658203","0.8062000274658203","0.8062000274658203"
"114","1912","1912","1912","0.828499972820282","0.828499972820282","0.828499972820282","1912","1912","1912","0.8259999752044678","0.8259999752044678","0.8259999752044678","1912","1912","1912","0.8235999941825867","0.8235999941825867","0.8235999941825867","1912","1912","1912","0.8083999752998352","0.8083999752998352","0.8083999752998352"
"115","1929","1929","1929","0.8288999795913696","0.8288999795913696","0.8288999795913696","1929","1929","1929","0.8256999850273132","0.8256999850273132","0.8256999850273132","1929","1929","1929","0.8223000168800354","0.8223000168800354","0.8223000168800354","1929","1929","1929","0.8083999752998352","0.8083999752998352","0.8083999752998352"
"116","1945","1945","1945","0.8278999924659729","0.8278999924659729","0.8278999924659729","1945","1945","1945","0.8242999911308289","0.8242999911308289","0.8242999911308289","1945","1945","1945","0.8215000033378601","0.8215000033378601","0.8215000033378601","1945","1945","1945","0.8076000213623047","0.8076000213623047","0.8076000213623047"
"117","1962","1962","1962","0.8282999992370605","0.8282999992370605","0.8282999992370605","1962","1962","1962","0.8259000182151794","0.8259000182151794","0.8259000182151794","1962","1962","1962","0.8230000138282776","0.8230000138282776","0.8230000138282776","1962","1962","1962","0.8066999912261963","0.8066999912261963","0.8066999912261963"
"118","1979","1979","1979","0.8295000195503235","0.8295000195503235","0.8295000195503235","1979","1979","1979","0.8270000219345093","0.8270000219345093","0.8270000219345093","1979","1979","1979","0.8223000168800354","0.8223000168800354","0.8223000168800354","1979","1979","1979","0.8040000200271606","0.8040000200271606","0.8040000200271606"
"119","1995","1995","1995","0.8305000066757202","0.8305000066757202","0.8305000066757202","1995","1995","1995","0.8252000212669373","0.8252000212669373","0.8252000212669373","1995","1995","1995","0.8223000168800354","0.8223000168800354","0.8223000168800354","1995","1995","1995","0.8100000023841858","0.8100000023841858","0.8100000023841858"
"120","2012","2012","2012","0.8291000127792358","0.8291000127792358","0.8291000127792358","2012","2012","2012","0.8259999752044678","0.8259999752044678","0.8259999752044678","2012","2012","2012","0.8219000101089478","0.8219000101089478","0.8219000101089478","2012","2012","2012","0.8069999814033508","0.8069999814033508","0.8069999814033508"
"121","2029","2029","2029","0.8291000127792358","0.8291000127792358","0.8291000127792358","2029","2029","2029","0.8292999863624573","0.8292999863624573","0.8292999863624573","2029","2029","2029","0.8230999708175659","0.8230999708175659","0.8230999708175659","2029","2029","2029","0.8076000213623047","0.8076000213623047","0.8076000213623047"
"122","2045","2045","2045","0.8292999863624573","0.8292999863624573","0.8292999863624573","2045","2045","2045","0.826200008392334","0.826200008392334","0.826200008392334","2045","2045","2045","0.8238000273704529","0.8238000273704529","0.8238000273704529","2045","2045","2045","0.8059999942779541","0.8059999942779541","0.8059999942779541"
"123","2062","2062","2062","0.8299000263214111","0.8299000263214111","0.8299000263214111","2062","2062","2062","0.8266000151634216","0.8266000151634216","0.8266000151634216","2062","2062","2062","0.8230999708175659","0.8230999708175659","0.8230999708175659","2062","2062","2062","0.807200014591217","0.807200014591217","0.807200014591217"
"124","2079","2079","2079","0.828000009059906","0.828000009059906","0.828000009059906","2079","2079","2079","0.8255000114440918","0.8255000114440918","0.8255000114440918","2079","2079","2079","0.821399986743927","0.821399986743927","0.821399986743927","2079","2079","2079","0.8072999715805054","0.8072999715805054","0.8072999715805054"
"125","2095","2095","2095","0.8299000263214111","0.8299000263214111","0.8299000263214111","2095","2095","2095","0.8256999850273132","0.8256999850273132","0.8256999850273132","2095","2095","2095","0.8226000070571899","0.8226000070571899","0.8226000070571899","2095","2095","2095","0.8054999709129333","0.8054999709129333","0.8054999709129333"
"126","2112","2112","2112","0.8307999968528748","0.8307999968528748","0.8307999968528748","2112","2112","2112","0.8263000249862671","0.8263000249862671","0.8263000249862671","2112","2112","2112","0.8199999928474426","0.8199999928474426","0.8199999928474426","2112","2112","2112","0.807200014591217","0.807200014591217","0.807200014591217"
"127","2128","2128","2128","0.8300999999046326","0.8300999999046326","0.8300999999046326","2128","2128","2128","0.8248999714851379","0.8248999714851379","0.8248999714851379","2128","2128","2128","0.823199987411499","0.823199987411499","0.823199987411499","2128","2128","2128","0.8054999709129333","0.8054999709129333","0.8054999709129333"
"128","2145","2145","2145","0.8307999968528748","0.8307999968528748","0.8307999968528748","2145","2145","2145","0.8252999782562256","0.8252999782562256","0.8252999782562256","2145","2145","2145","0.823199987411499","0.823199987411499","0.823199987411499","2145","2145","2145","0.8070999979972839","0.8070999979972839","0.8070999979972839"
"129","2162","2162","2162","0.8288000226020813","0.8288000226020813","0.8288000226020813","2162","2162","2162","0.8281000256538391","0.8281000256538391","0.8281000256538391","2162","2162","2162","0.822700023651123","0.822700023651123","0.822700023651123","2162","2162","2162","0.8055999875068665","0.8055999875068665","0.8055999875068665"
"130","2178","2178","2178","0.8307999968528748","0.8307999968528748","0.8307999968528748","2178","2178","2178","0.826200008392334","0.826200008392334","0.826200008392334","2178","2178","2178","0.8234000205993652","0.8234000205993652","0.8234000205993652","2178","2178","2178","0.8047999739646912","0.8047999739646912","0.8047999739646912"
"131","2195","2195","2195","0.8303999900817871","0.8303999900817871","0.8303999900817871","2195","2195","2195","0.8270000219345093","0.8270000219345093","0.8270000219345093","2195","2195","2195","0.8234999775886536","0.8234999775886536","0.8234999775886536","2195","2195","2195","0.8065999746322632","0.8065999746322632","0.8065999746322632"
"132","2212","2212","2212","0.8292999863624573","0.8292999863624573","0.8292999863624573","2212","2212","2212","0.8271999955177307","0.8271999955177307","0.8271999955177307","2212","2212","2212","0.8230999708175659","0.8230999708175659","0.8230999708175659","2212","2212","2212","0.8083999752998352","0.8083999752998352","0.8083999752998352"
"133","2228","2228","2228","0.8299999833106995","0.8299999833106995","0.8299999833106995","2228","2228","2228","0.8278999924659729","0.8278999924659729","0.8278999924659729","2228","2228","2228","0.8213000297546387","0.8213000297546387","0.8213000297546387","2228","2228","2228","0.8041999936103821","0.8041999936103821","0.8041999936103821"
"134","2245","2245","2245","0.8296999931335449","0.8296999931335449","0.8296999931335449","2245","2245","2245","0.8260999917984009","0.8260999917984009","0.8260999917984009","2245","2245","2245","0.8235999941825867","0.8235999941825867","0.8235999941825867","2245","2245","2245","0.8070999979972839","0.8070999979972839","0.8070999979972839"
"135","2262","2262","2262","0.8309000134468079","0.8309000134468079","0.8309000134468079","2262","2262","2262","0.8263000249862671","0.8263000249862671","0.8263000249862671","2262","2262","2262","0.8253999948501587","0.8253999948501587","0.8253999948501587","2262","2262","2262","0.810699999332428","0.810699999332428","0.810699999332428"
"136","2278","2278","2278","0.830299973487854","0.830299973487854","0.830299973487854","2278","2278","2278","0.8252999782562256","0.8252999782562256","0.8252999782562256","2278","2278","2278","0.8223999738693237","0.8223999738693237","0.8223999738693237","2278","2278","2278","0.8062000274658203","0.8062000274658203","0.8062000274658203"
"137","2295","2295","2295","0.8300999999046326","0.8300999999046326","0.8300999999046326","2295","2295","2295","0.82669997215271","0.82669997215271","0.82669997215271","2295","2295","2295","0.8227999806404114","0.8227999806404114","0.8227999806404114","2295","2295","2295","0.8066999912261963","0.8066999912261963","0.8066999912261963"
"138","2311","2311","2311","0.8295999765396118","0.8295999765396118","0.8295999765396118","2311","2311","2311","0.8269000053405762","0.8269000053405762","0.8269000053405762","2311","2311","2311","0.8233000040054321","0.8233000040054321","0.8233000040054321","2311","2311","2311","0.809499979019165","0.809499979019165","0.809499979019165"
"139","2328","2328","2328","0.8306000232696533","0.8306000232696533","0.8306000232696533","2328","2328","2328","0.824999988079071","0.824999988079071","0.824999988079071","2328","2328","2328","0.8235999941825867","0.8235999941825867","0.8235999941825867","2328","2328","2328","0.8065999746322632","0.8065999746322632","0.8065999746322632"
"140","2345","2345","2345","0.8296999931335449","0.8296999931335449","0.8296999931335449","2345","2345","2345","0.8270000219345093","0.8270000219345093","0.8270000219345093","2345","2345","2345","0.8233000040054321","0.8233000040054321","0.8233000040054321","2345","2345","2345","0.8101000189781189","0.8101000189781189","0.8101000189781189"
"141","2361","2361","2361","0.8299999833106995","0.8299999833106995","0.8299999833106995","2361","2361","2361","0.8252999782562256","0.8252999782562256","0.8252999782562256","2361","2361","2361","0.8212000131607056","0.8212000131607056","0.8212000131607056","2361","2361","2361","0.807699978351593","0.807699978351593","0.807699978351593"
"142","2378","2378","2378","0.8303999900817871","0.8303999900817871","0.8303999900817871","2378","2378","2378","0.8246999979019165","0.8246999979019165","0.8246999979019165","2378","2378","2378","0.8206999897956848","0.8206999897956848","0.8206999897956848","2378","2378","2378","0.8047000169754028","0.8047000169754028","0.8047000169754028"
"143","2395","2395","2395","0.8309999704360962","0.8309999704360962","0.8309999704360962","2395","2395","2395","0.8263999819755554","0.8263999819755554","0.8263999819755554","2395","2395","2395","0.8234999775886536","0.8234999775886536","0.8234999775886536","2395","2395","2395","0.8090999722480774","0.8090999722480774","0.8090999722480774"
"144","2411","2411","2411","0.8317999839782715","0.8317999839782715","0.8317999839782715","2411","2411","2411","0.8269000053405762","0.8269000053405762","0.8269000053405762","2411","2411","2411","0.8215000033378601","0.8215000033378601","0.8215000033378601","2411","2411","2411","0.8044000267982483","0.8044000267982483","0.8044000267982483"
"145","2428","2428","2428","0.8320000171661377","0.8320000171661377","0.8320000171661377","2428","2428","2428","0.8274000287055969","0.8274000287055969","0.8274000287055969","2428","2428","2428","0.8241000175476074","0.8241000175476074","0.8241000175476074","2428","2428","2428","0.8057000041007996","0.8057000041007996","0.8057000041007996"
"146","2445","2445","2445","0.8299000263214111","0.8299000263214111","0.8299000263214111","2445","2445","2445","0.8277999758720398","0.8277999758720398","0.8277999758720398","2445","2445","2445","0.8220000267028809","0.8220000267028809","0.8220000267028809","2445","2445","2445","0.8079000115394592","0.8079000115394592","0.8079000115394592"
"147","2461","2461","2461","0.8310999870300293","0.8310999870300293","0.8310999870300293","2461","2461","2461","0.8259000182151794","0.8259000182151794","0.8259000182151794","2461","2461","2461","0.8238000273704529","0.8238000273704529","0.8238000273704529","2461","2461","2461","0.807200014591217","0.807200014591217","0.807200014591217"
"148","2478","2478","2478","0.8300999999046326","0.8300999999046326","0.8300999999046326","2478","2478","2478","0.8252000212669373","0.8252000212669373","0.8252000212669373","2478","2478","2478","0.8230999708175659","0.8230999708175659","0.8230999708175659","2478","2478","2478","0.8091999888420105","0.8091999888420105","0.8091999888420105"
"149","2495","2495","2495","0.8302000164985657","0.8302000164985657","0.8302000164985657","2495","2495","2495","0.8288000226020813","0.8288000226020813","0.8288000226020813","2495","2495","2495","0.8222000002861023","0.8222000002861023","0.8222000002861023","2495","2495","2495","0.8051000237464905","0.8051000237464905","0.8051000237464905"
"150","2511","2511","2511","0.8299999833106995","0.8299999833106995","0.8299999833106995","2511","2511","2511","0.8266000151634216","0.8266000151634216","0.8266000151634216","2511","2511","2511","0.8238999843597412","0.8238999843597412","0.8238999843597412","2511","2511","2511","0.8119999766349792","0.8119999766349792","0.8119999766349792"
"151","2528","2528","2528","0.8313999772071838","0.8313999772071838","0.8313999772071838","2528","2528","2528","0.8277000188827515","0.8277000188827515","0.8277000188827515","2528","2528","2528","0.8241000175476074","0.8241000175476074","0.8241000175476074","2528","2528","2528","0.8091999888420105","0.8091999888420105","0.8091999888420105"
"152","2544","2544","2544","0.8300999999046326","0.8300999999046326","0.8300999999046326","2544","2544","2544","0.8270999789237976","0.8270999789237976","0.8270999789237976","2544","2544","2544","0.8252999782562256","0.8252999782562256","0.8252999782562256","2544","2544","2544","0.8108999729156494","0.8108999729156494","0.8108999729156494"
"153","2561","2561","2561","0.8288000226020813","0.8288000226020813","0.8288000226020813","2561","2561","2561","0.8267999887466431","0.8267999887466431","0.8267999887466431","2561","2561","2561","0.8237000107765198","0.8237000107765198","0.8237000107765198","2561","2561","2561","0.8101999759674072","0.8101999759674072","0.8101999759674072"
"154","2578","2578","2578","0.8307999968528748","0.8307999968528748","0.8307999968528748","2578","2578","2578","0.8276000022888184","0.8276000022888184","0.8276000022888184","2578","2578","2578","0.8251000046730042","0.8251000046730042","0.8251000046730042","2578","2578","2578","0.8119000196456909","0.8119000196456909","0.8119000196456909"
"155","2594","2594","2594","0.8313999772071838","0.8313999772071838","0.8313999772071838","2594","2594","2594","0.828499972820282","0.828499972820282","0.828499972820282","2594","2594","2594","0.8240000009536743","0.8240000009536743","0.8240000009536743","2594","2594","2594","0.8095999956130981","0.8095999956130981","0.8095999956130981"
"156","2611","2611","2611","0.8310999870300293","0.8310999870300293","0.8310999870300293","2611","2611","2611","0.8266000151634216","0.8266000151634216","0.8266000151634216","2611","2611","2611","0.8224999904632568","0.8224999904632568","0.8224999904632568","2611","2611","2611","0.8104000091552734","0.8104000091552734","0.8104000091552734"
"157","2628","2628","2628","0.8307999968528748","0.8307999968528748","0.8307999968528748","2628","2628","2628","0.8252999782562256","0.8252999782562256","0.8252999782562256","2628","2628","2628","0.8246999979019165","0.8246999979019165","0.8246999979019165","2628","2628","2628","0.8122000098228455","0.8122000098228455","0.8122000098228455"
"158","2644","2644","2644","0.8309999704360962","0.8309999704360962","0.8309999704360962","2644","2644","2644","0.8277999758720398","0.8277999758720398","0.8277999758720398","2644","2644","2644","0.8234999775886536","0.8234999775886536","0.8234999775886536","2644","2644","2644","0.8108000159263611","0.8108000159263611","0.8108000159263611"
"159","2661","2661","2661","0.8312000036239624","0.8312000036239624","0.8312000036239624","2661","2661","2661","0.8274000287055969","0.8274000287055969","0.8274000287055969","2661","2661","2661","0.8241999745368958","0.8241999745368958","0.8241999745368958","2661","2661","2661","0.8112000226974487","0.8112000226974487","0.8112000226974487"
"160","2678","2678","2678","0.8305000066757202","0.8305000066757202","0.8305000066757202","2678","2678","2678","0.826200008392334","0.826200008392334","0.826200008392334","2678","2678","2678","0.8252000212669373","0.8252000212669373","0.8252000212669373","2678","2678","2678","0.8119000196456909","0.8119000196456909","0.8119000196456909"
"161","2694","2694","2694","0.8310999870300293","0.8310999870300293","0.8310999870300293","2694","2694","2694","0.82669997215271","0.82669997215271","0.82669997215271","2694","2694","2694","0.8227999806404114","0.8227999806404114","0.8227999806404114","2694","2694","2694","0.8112000226974487","0.8112000226974487","0.8112000226974487"
"162","2711","2711","2711","0.8294000029563904","0.8294000029563904","0.8294000029563904","2711","2711","2711","0.8274000287055969","0.8274000287055969","0.8274000287055969","2711","2711","2711","0.8242999911308289","0.8242999911308289","0.8242999911308289","2711","2711","2711","0.8118000030517578","0.8118000030517578","0.8118000030517578"
"163","2727","2727","2727","0.830299973487854","0.830299973487854","0.830299973487854","2727","2727","2727","0.8264999985694885","0.8264999985694885","0.8264999985694885","2727","2727","2727","0.8245999813079834","0.8245999813079834","0.8245999813079834","2727","2727","2727","0.8119999766349792","0.8119999766349792","0.8119999766349792"
"164","2744","2744","2744","0.8306000232696533","0.8306000232696533","0.8306000232696533","2744","2744","2744","0.828000009059906","0.828000009059906","0.828000009059906","2744","2744","2744","0.8256999850273132","0.8256999850273132","0.8256999850273132","2744","2744","2744","0.8101000189781189","0.8101000189781189","0.8101000189781189"
"165","2761","2761","2761","0.8324999809265137","0.8324999809265137","0.8324999809265137","2761","2761","2761","0.8266000151634216","0.8266000151634216","0.8266000151634216","2761","2761","2761","0.8246999979019165","0.8246999979019165","0.8246999979019165","2761","2761","2761","0.8105999827384949","0.8105999827384949","0.8105999827384949"
"166","2777","2777","2777","0.8302000164985657","0.8302000164985657","0.8302000164985657","2777","2777","2777","0.8264999985694885","0.8264999985694885","0.8264999985694885","2777","2777","2777","0.8238000273704529","0.8238000273704529","0.8238000273704529","2777","2777","2777","0.8116999864578247","0.8116999864578247","0.8116999864578247"
"167","2794","2794","2794","0.8295000195503235","0.8295000195503235","0.8295000195503235","2794","2794","2794","0.8267999887466431","0.8267999887466431","0.8267999887466431","2794","2794","2794","0.8238000273704529","0.8238000273704529","0.8238000273704529","2794","2794","2794","0.8119000196456909","0.8119000196456909","0.8119000196456909"
"168","2811","2811","2811","0.8321999907493591","0.8321999907493591","0.8321999907493591","2811","2811","2811","0.8276000022888184","0.8276000022888184","0.8276000022888184","2811","2811","2811","0.8248000144958496","0.8248000144958496","0.8248000144958496","2811","2811","2811","0.8115000128746033","0.8115000128746033","0.8115000128746033"
"169","2827","2827","2827","0.8302000164985657","0.8302000164985657","0.8302000164985657","2827","2827","2827","0.8269000053405762","0.8269000053405762","0.8269000053405762","2827","2827","2827","0.8238999843597412","0.8238999843597412","0.8238999843597412","2827","2827","2827","0.8122000098228455","0.8122000098228455","0.8122000098228455"
"170","2844","2844","2844","0.8305000066757202","0.8305000066757202","0.8305000066757202","2844","2844","2844","0.8258000016212463","0.8258000016212463","0.8258000016212463","2844","2844","2844","0.8258000016212463","0.8258000016212463","0.8258000016212463","2844","2844","2844","0.8101000189781189","0.8101000189781189","0.8101000189781189"
"171","2861","2861","2861","0.8306000232696533","0.8306000232696533","0.8306000232696533","2861","2861","2861","0.8281000256538391","0.8281000256538391","0.8281000256538391","2861","2861","2861","0.8242999911308289","0.8242999911308289","0.8242999911308289","2861","2861","2861","0.8125","0.8125","0.8125"
"172","2877","2877","2877","0.8288000226020813","0.8288000226020813","0.8288000226020813","2877","2877","2877","0.8267999887466431","0.8267999887466431","0.8267999887466431","2877","2877","2877","0.8245999813079834","0.8245999813079834","0.8245999813079834","2877","2877","2877","0.8113999962806702","0.8113999962806702","0.8113999962806702"
"173","2894","2894","2894","0.8305000066757202","0.8305000066757202","0.8305000066757202","2894","2894","2894","0.8277000188827515","0.8277000188827515","0.8277000188827515","2894","2894","2894","0.8238000273704529","0.8238000273704529","0.8238000273704529","2894","2894","2894","0.8109999895095825","0.8109999895095825","0.8109999895095825"
"174","2911","2911","2911","0.8299000263214111","0.8299000263214111","0.8299000263214111","2911","2911","2911","0.8270999789237976","0.8270999789237976","0.8270999789237976","2911","2911","2911","0.8251000046730042","0.8251000046730042","0.8251000046730042","2911","2911","2911","0.8126000165939331","0.8126000165939331","0.8126000165939331"
"175","2927","2927","2927","0.8323000073432922","0.8323000073432922","0.8323000073432922","2927","2927","2927","0.8259000182151794","0.8259000182151794","0.8259000182151794","2927","2927","2927","0.8248000144958496","0.8248000144958496","0.8248000144958496","2927","2927","2927","0.8123999834060669","0.8123999834060669","0.8123999834060669"
"176","2944","2944","2944","0.8300999999046326","0.8300999999046326","0.8300999999046326","2944","2944","2944","0.8282999992370605","0.8282999992370605","0.8282999992370605","2944","2944","2944","0.822700023651123","0.822700023651123","0.822700023651123","2944","2944","2944","0.8120999932289124","0.8120999932289124","0.8120999932289124"
"177","2960","2960","2960","0.8299999833106995","0.8299999833106995","0.8299999833106995","2960","2960","2960","0.8259999752044678","0.8259999752044678","0.8259999752044678","2960","2960","2960","0.8234999775886536","0.8234999775886536","0.8234999775886536","2960","2960","2960","0.8108000159263611","0.8108000159263611","0.8108000159263611"
"178","2977","2977","2977","0.8305000066757202","0.8305000066757202","0.8305000066757202","2977","2977","2977","0.8274999856948853","0.8274999856948853","0.8274999856948853","2977","2977","2977","0.8241000175476074","0.8241000175476074","0.8241000175476074","2977","2977","2977","0.8101000189781189","0.8101000189781189","0.8101000189781189"
"179","2994","2994","2994","0.8281999826431274","0.8281999826431274","0.8281999826431274","2994","2994","2994","0.8263000249862671","0.8263000249862671","0.8263000249862671","2994","2994","2994","0.8246999979019165","0.8246999979019165","0.8246999979019165","2994","2994","2994","0.8125","0.8125","0.8125"
"180","3010","3010","3010","0.8309000134468079","0.8309000134468079","0.8309000134468079","3010","3010","3010","0.8256000280380249","0.8256000280380249","0.8256000280380249","3010","3010","3010","0.8242999911308289","0.8242999911308289","0.8242999911308289","3010","3010","3010","0.8116000294685364","0.8116000294685364","0.8116000294685364"
"181","3027","3027","3027","0.828499972820282","0.828499972820282","0.828499972820282","3027","3027","3027","0.8269000053405762","0.8269000053405762","0.8269000053405762","3027","3027","3027","0.8245000243186951","0.8245000243186951","0.8245000243186951","3027","3027","3027","0.8130000233650208","0.8130000233650208","0.8130000233650208"
"182","3044","3044","3044","0.8309000134468079","0.8309000134468079","0.8309000134468079","3044","3044","3044","0.8252000212669373","0.8252000212669373","0.8252000212669373","3044","3044","3044","0.823199987411499","0.823199987411499","0.823199987411499","3044","3044","3044","0.8119000196456909","0.8119000196456909","0.8119000196456909"
"183","3060","3060","3060","0.8309999704360962","0.8309999704360962","0.8309999704360962","3060","3060","3060","0.8282999992370605","0.8282999992370605","0.8282999992370605","3060","3060","3060","0.826200008392334","0.826200008392334","0.826200008392334","3060","3060","3060","0.810699999332428","0.810699999332428","0.810699999332428"
"184","3077","3077","3077","0.828499972820282","0.828499972820282","0.828499972820282","3077","3077","3077","0.8270999789237976","0.8270999789237976","0.8270999789237976","3077","3077","3077","0.8234999775886536","0.8234999775886536","0.8234999775886536","3077","3077","3077","0.8116999864578247","0.8116999864578247","0.8116999864578247"
"185","3094","3094","3094","0.83160001039505","0.83160001039505","0.83160001039505","3094","3094","3094","0.8277000188827515","0.8277000188827515","0.8277000188827515","3094","3094","3094","0.8220999836921692","0.8220999836921692","0.8220999836921692","3094","3094","3094","0.8113999962806702","0.8113999962806702","0.8113999962806702"
"186","3110","3110","3110","0.8307999968528748","0.8307999968528748","0.8307999968528748","3110","3110","3110","0.826200008392334","0.826200008392334","0.826200008392334","3110","3110","3110","0.8237000107765198","0.8237000107765198","0.8237000107765198","3110","3110","3110","0.8133000135421753","0.8133000135421753","0.8133000135421753"
"187","3127","3127","3127","0.8305000066757202","0.8305000066757202","0.8305000066757202","3127","3127","3127","0.8269000053405762","0.8269000053405762","0.8269000053405762","3127","3127","3127","0.8242999911308289","0.8242999911308289","0.8242999911308289","3127","3127","3127","0.8134999871253967","0.8134999871253967","0.8134999871253967"
"188","3143","3143","3143","0.8305000066757202","0.8305000066757202","0.8305000066757202","3143","3143","3143","0.8259000182151794","0.8259000182151794","0.8259000182151794","3143","3143","3143","0.8237000107765198","0.8237000107765198","0.8237000107765198","3143","3143","3143","0.8112999796867371","0.8112999796867371","0.8112999796867371"
"189","3160","3160","3160","0.8302000164985657","0.8302000164985657","0.8302000164985657","3160","3160","3160","0.8274999856948853","0.8274999856948853","0.8274999856948853","3160","3160","3160","0.8242999911308289","0.8242999911308289","0.8242999911308289","3160","3160","3160","0.8125","0.8125","0.8125"
"190","3177","3177","3177","0.8309999704360962","0.8309999704360962","0.8309999704360962","3177","3177","3177","0.8274000287055969","0.8274000287055969","0.8274000287055969","3177","3177","3177","0.8234000205993652","0.8234000205993652","0.8234000205993652","3177","3177","3177","0.8113999962806702","0.8113999962806702","0.8113999962806702"
"191","3193","3193","3193","0.8312000036239624","0.8312000036239624","0.8312000036239624","3193","3193","3193","0.82669997215271","0.82669997215271","0.82669997215271","3193","3193","3193","0.8241000175476074","0.8241000175476074","0.8241000175476074","3193","3193","3193","0.8109999895095825","0.8109999895095825","0.8109999895095825"
"192","3210","3210","3210","0.8310999870300293","0.8310999870300293","0.8310999870300293","3210","3210","3210","0.8277999758720398","0.8277999758720398","0.8277999758720398","3210","3210","3210","0.8219000101089478","0.8219000101089478","0.8219000101089478","3210","3210","3210","0.8116000294685364","0.8116000294685364","0.8116000294685364"
"193","3227","3227","3227","0.8306999802589417","0.8306999802589417","0.8306999802589417","3227","3227","3227","0.8256000280380249","0.8256000280380249","0.8256000280380249","3227","3227","3227","0.8223999738693237","0.8223999738693237","0.8223999738693237","3227","3227","3227","0.8126999735832214","0.8126999735832214","0.8126999735832214"
"194","3243","3243","3243","0.8299000263214111","0.8299000263214111","0.8299000263214111","3243","3243","3243","0.826200008392334","0.826200008392334","0.826200008392334","3243","3243","3243","0.8234999775886536","0.8234999775886536","0.8234999775886536","3243","3243","3243","0.8147000074386597","0.8147000074386597","0.8147000074386597"
"195","3260","3260","3260","0.8291000127792358","0.8291000127792358","0.8291000127792358","3260","3260","3260","0.828000009059906","0.828000009059906","0.828000009059906","3260","3260","3260","0.8223000168800354","0.8223000168800354","0.8223000168800354","3260","3260","3260","0.8118000030517578","0.8118000030517578","0.8118000030517578"
"196","3277","3277","3277","0.8303999900817871","0.8303999900817871","0.8303999900817871","3277","3277","3277","0.8248000144958496","0.8248000144958496","0.8248000144958496","3277","3277","3277","0.8222000002861023","0.8222000002861023","0.8222000002861023","3277","3277","3277","0.8126000165939331","0.8126000165939331","0.8126000165939331"
"197","3293","3293","3293","0.8314999938011169","0.8314999938011169","0.8314999938011169","3293","3293","3293","0.8253999948501587","0.8253999948501587","0.8253999948501587","3293","3293","3293","0.8223000168800354","0.8223000168800354","0.8223000168800354","3293","3293","3293","0.8111000061035156","0.8111000061035156","0.8111000061035156"
"198","3310","3310","3310","0.830299973487854","0.830299973487854","0.830299973487854","3310","3310","3310","0.8274999856948853","0.8274999856948853","0.8274999856948853","3310","3310","3310","0.8237000107765198","0.8237000107765198","0.8237000107765198","3310","3310","3310","0.8133000135421753","0.8133000135421753","0.8133000135421753"
"199","3327","3327","3327","0.8313000202178955","0.8313000202178955","0.8313000202178955","3327","3327","3327","0.8258000016212463","0.8258000016212463","0.8258000016212463","3327","3327","3327","0.8241999745368958","0.8241999745368958","0.8241999745368958","3327","3327","3327","0.8133000135421753","0.8133000135421753","0.8133000135421753"