"epoch","LLN-deep-sumlogitsFalse-CNN-layerwise-k256_128-ps53-pool22-bnTrue-bneck32_layer_4 - _step","LLN-deep-sumlogitsFalse-CNN-layerwise-k256_128-ps53-pool22-bnTrue-bneck32_layer_4 - _step__MIN","LLN-deep-sumlogitsFalse-CNN-layerwise-k256_128-ps53-pool22-bnTrue-bneck32_layer_4 - _step__MAX","LLN-deep-sumlogitsFalse-CNN-layerwise-k256_128-ps53-pool22-bnTrue-bneck32_layer_4 - validate_no_aug_accuracy/dataloader_idx_1","LLN-deep-sumlogitsFalse-CNN-layerwise-k256_128-ps53-pool22-bnTrue-bneck32_layer_4 - validate_no_aug_accuracy/dataloader_idx_1__MIN","LLN-deep-sumlogitsFalse-CNN-layerwise-k256_128-ps53-pool22-bnTrue-bneck32_layer_4 - validate_no_aug_accuracy/dataloader_idx_1__MAX","LLN-deep-sumlogitsFalse-CNN-layerwise-k256_128-ps53-pool22-bnTrue-bneck32_layer_3 - _step","LLN-deep-sumlogitsFalse-CNN-layerwise-k256_128-ps53-pool22-bnTrue-bneck32_layer_3 - _step__MIN","LLN-deep-sumlogitsFalse-CNN-layerwise-k256_128-ps53-pool22-bnTrue-bneck32_layer_3 - _step__MAX","LLN-deep-sumlogitsFalse-CNN-layerwise-k256_128-ps53-pool22-bnTrue-bneck32_layer_3 - validate_no_aug_accuracy/dataloader_idx_1","LLN-deep-sumlogitsFalse-CNN-layerwise-k256_128-ps53-pool22-bnTrue-bneck32_layer_3 - validate_no_aug_accuracy/dataloader_idx_1__MIN","LLN-deep-sumlogitsFalse-CNN-layerwise-k256_128-ps53-pool22-bnTrue-bneck32_layer_3 - validate_no_aug_accuracy/dataloader_idx_1__MAX","LLN-deep-sumlogitsFalse-CNN-layerwise-k256_128-ps53-pool22-bnTrue-bneck32_layer_2 - _step","LLN-deep-sumlogitsFalse-CNN-layerwise-k256_128-ps53-pool22-bnTrue-bneck32_layer_2 - _step__MIN","LLN-deep-sumlogitsFalse-CNN-layerwise-k256_128-ps53-pool22-bnTrue-bneck32_layer_2 - _step__MAX","LLN-deep-sumlogitsFalse-CNN-layerwise-k256_128-ps53-pool22-bnTrue-bneck32_layer_2 - validate_no_aug_accuracy/dataloader_idx_1","LLN-deep-sumlogitsFalse-CNN-layerwise-k256_128-ps53-pool22-bnTrue-bneck32_layer_2 - validate_no_aug_accuracy/dataloader_idx_1__MIN","LLN-deep-sumlogitsFalse-CNN-layerwise-k256_128-ps53-pool22-bnTrue-bneck32_layer_2 - validate_no_aug_accuracy/dataloader_idx_1__MAX","LLN-deep-sumlogitsFalse-CNN-layerwise-k256_128-ps53-pool22-bnTrue-bneck32_layer_1 - _step","LLN-deep-sumlogitsFalse-CNN-layerwise-k256_128-ps53-pool22-bnTrue-bneck32_layer_1 - _step__MIN","LLN-deep-sumlogitsFalse-CNN-layerwise-k256_128-ps53-pool22-bnTrue-bneck32_layer_1 - _step__MAX","LLN-deep-sumlogitsFalse-CNN-layerwise-k256_128-ps53-pool22-bnTrue-bneck32_layer_1 - validate_no_aug_accuracy/dataloader_idx_1","LLN-deep-sumlogitsFalse-CNN-layerwise-k256_128-ps53-pool22-bnTrue-bneck32_layer_1 - validate_no_aug_accuracy/dataloader_idx_1__MIN","LLN-deep-sumlogitsFalse-CNN-layerwise-k256_128-ps53-pool22-bnTrue-bneck32_layer_1 - validate_no_aug_accuracy/dataloader_idx_1__MAX"
"0","15","15","15","0.8282999992370605","0.8282999992370605","0.8282999992370605","15","15","15","0.8073999881744385","0.8073999881744385","0.8073999881744385","15","15","15","0.7301999926567078","0.7301999926567078","0.7301999926567078","15","15","15","0.4758000075817108","0.4758000075817108","0.4758000075817108"
"1","32","32","32","0.8389999866485596","0.8389999866485596","0.8389999866485596","32","32","32","0.8191999793052673","0.8191999793052673","0.8191999793052673","32","32","32","0.7735999822616577","0.7735999822616577","0.7735999822616577","32","32","32","0.5199000239372253","0.5199000239372253","0.5199000239372253"
"2","48","48","48","0.839900016784668","0.839900016784668","0.839900016784668","48","48","48","0.8356000185012817","0.8356000185012817","0.8356000185012817","48","48","48","0.7797999978065491","0.7797999978065491","0.7797999978065491","48","48","48","0.515500009059906","0.515500009059906","0.515500009059906"
"3","65","65","65","0.8463000059127808","0.8463000059127808","0.8463000059127808","65","65","65","0.8434000015258789","0.8434000015258789","0.8434000015258789","65","65","65","0.7814000248908997","0.7814000248908997","0.7814000248908997","65","65","65","0.5519000291824341","0.5519000291824341","0.5519000291824341"
"4","82","82","82","0.843500018119812","0.843500018119812","0.843500018119812","82","82","82","0.8400999903678894","0.8400999903678894","0.8400999903678894","82","82","82","0.7883999943733215","0.7883999943733215","0.7883999943733215","82","82","82","0.5638999938964844","0.5638999938964844","0.5638999938964844"
"5","98","98","98","0.8424000144004822","0.8424000144004822","0.8424000144004822","98","98","98","0.8465999960899353","0.8465999960899353","0.8465999960899353","98","98","98","0.7972999811172485","0.7972999811172485","0.7972999811172485","98","98","98","0.557699978351593","0.557699978351593","0.557699978351593"
"6","115","115","115","0.8410999774932861","0.8410999774932861","0.8410999774932861","115","115","115","0.8431000113487244","0.8431000113487244","0.8431000113487244","115","115","115","0.792900025844574","0.792900025844574","0.792900025844574","115","115","115","0.5964000225067139","0.5964000225067139","0.5964000225067139"
"7","132","132","132","0.8427000045776367","0.8427000045776367","0.8427000045776367","132","132","132","0.8474000096321106","0.8474000096321106","0.8474000096321106","132","132","132","0.7968999743461609","0.7968999743461609","0.7968999743461609","132","132","132","0.5789999961853027","0.5789999961853027","0.5789999961853027"
"8","148","148","148","0.8392999768257141","0.8392999768257141","0.8392999768257141","148","148","148","0.8389000296592712","0.8389000296592712","0.8389000296592712","148","148","148","0.7986999750137329","0.7986999750137329","0.7986999750137329","148","148","148","0.6061999797821045","0.6061999797821045","0.6061999797821045"
"9","165","165","165","0.8438000082969666","0.8438000082969666","0.8438000082969666","165","165","165","0.8489000201225281","0.8489000201225281","0.8489000201225281","165","165","165","0.79830002784729","0.79830002784729","0.79830002784729","165","165","165","0.6225000023841858","0.6225000023841858","0.6225000023841858"
"10","182","182","182","0.8431000113487244","0.8431000113487244","0.8431000113487244","182","182","182","0.8435999751091003","0.8435999751091003","0.8435999751091003","182","182","182","0.8046000003814697","0.8046000003814697","0.8046000003814697","182","182","182","0.6141999959945679","0.6141999959945679","0.6141999959945679"
"11","198","198","198","0.8442999720573425","0.8442999720573425","0.8442999720573425","198","198","198","0.8478999733924866","0.8478999733924866","0.8478999733924866","198","198","198","0.8044999837875366","0.8044999837875366","0.8044999837875366","198","198","198","0.6302000284194946","0.6302000284194946","0.6302000284194946"
"12","215","215","215","0.8460999727249146","0.8460999727249146","0.8460999727249146","215","215","215","0.84170001745224","0.84170001745224","0.84170001745224","215","215","215","0.8062000274658203","0.8062000274658203","0.8062000274658203","215","215","215","0.6218000054359436","0.6218000054359436","0.6218000054359436"
"13","231","231","231","0.843999981880188","0.843999981880188","0.843999981880188","231","231","231","0.8463000059127808","0.8463000059127808","0.8463000059127808","231","231","231","0.8100000023841858","0.8100000023841858","0.8100000023841858","231","231","231","0.6134999990463257","0.6134999990463257","0.6134999990463257"
"14","248","248","248","0.8445000052452087","0.8445000052452087","0.8445000052452087","248","248","248","0.8458999991416931","0.8458999991416931","0.8458999991416931","248","248","248","0.8082000017166138","0.8082000017166138","0.8082000017166138","248","248","248","0.6373999714851379","0.6373999714851379","0.6373999714851379"
"15","265","265","265","0.840399980545044","0.840399980545044","0.840399980545044","265","265","265","0.8475000262260437","0.8475000262260437","0.8475000262260437","265","265","265","0.8123000264167786","0.8123000264167786","0.8123000264167786","265","265","265","0.6355000138282776","0.6355000138282776","0.6355000138282776"
"16","281","281","281","0.8442999720573425","0.8442999720573425","0.8442999720573425","281","281","281","0.8447999954223633","0.8447999954223633","0.8447999954223633","281","281","281","0.8098000288009644","0.8098000288009644","0.8098000288009644","281","281","281","0.6517999768257141","0.6517999768257141","0.6517999768257141"
"17","298","298","298","0.847100019454956","0.847100019454956","0.847100019454956","298","298","298","0.8486999869346619","0.8486999869346619","0.8486999869346619","298","298","298","0.8172000050544739","0.8172000050544739","0.8172000050544739","298","298","298","0.6504999995231628","0.6504999995231628","0.6504999995231628"
"18","315","315","315","0.8418999910354614","0.8418999910354614","0.8418999910354614","315","315","315","0.8482999801635742","0.8482999801635742","0.8482999801635742","315","315","315","0.8203999996185303","0.8203999996185303","0.8203999996185303","315","315","315","0.6541000008583069","0.6541000008583069","0.6541000008583069"
"19","331","331","331","0.8453999757766724","0.8453999757766724","0.8453999757766724","331","331","331","0.8504999876022339","0.8504999876022339","0.8504999876022339","331","331","331","0.8156999945640564","0.8156999945640564","0.8156999945640564","331","331","331","0.6621999740600586","0.6621999740600586","0.6621999740600586"
"20","348","348","348","0.8443999886512756","0.8443999886512756","0.8443999886512756","348","348","348","0.8482999801635742","0.8482999801635742","0.8482999801635742","348","348","348","0.8190000057220459","0.8190000057220459","0.8190000057220459","348","348","348","0.6523000001907349","0.6523000001907349","0.6523000001907349"
"21","365","365","365","0.8464000225067139","0.8464000225067139","0.8464000225067139","365","365","365","0.8464000225067139","0.8464000225067139","0.8464000225067139","365","365","365","0.8203999996185303","0.8203999996185303","0.8203999996185303","365","365","365","0.6525999903678894","0.6525999903678894","0.6525999903678894"
"22","381","381","381","0.8468000292778015","0.8468000292778015","0.8468000292778015","381","381","381","0.8458999991416931","0.8458999991416931","0.8458999991416931","381","381","381","0.8205000162124634","0.8205000162124634","0.8205000162124634","381","381","381","0.6586999893188477","0.6586999893188477","0.6586999893188477"
"23","398","398","398","0.8446999788284302","0.8446999788284302","0.8446999788284302","398","398","398","0.8479999899864197","0.8479999899864197","0.8479999899864197","398","398","398","0.8224999904632568","0.8224999904632568","0.8224999904632568","398","398","398","0.6797000169754028","0.6797000169754028","0.6797000169754028"
"24","415","415","415","0.8445000052452087","0.8445000052452087","0.8445000052452087","415","415","415","0.8435999751091003","0.8435999751091003","0.8435999751091003","415","415","415","0.8199999928474426","0.8199999928474426","0.8199999928474426","415","415","415","0.6751999855041504","0.6751999855041504","0.6751999855041504"
"25","431","431","431","0.8428000211715698","0.8428000211715698","0.8428000211715698","431","431","431","0.8440999984741211","0.8440999984741211","0.8440999984741211","431","431","431","0.8222000002861023","0.8222000002861023","0.8222000002861023","431","431","431","0.6593000292778015","0.6593000292778015","0.6593000292778015"
"26","448","448","448","0.8465999960899353","0.8465999960899353","0.8465999960899353","448","448","448","0.8460999727249146","0.8460999727249146","0.8460999727249146","448","448","448","0.8274999856948853","0.8274999856948853","0.8274999856948853","448","448","448","0.6733999848365784","0.6733999848365784","0.6733999848365784"
"27","464","464","464","0.8463000059127808","0.8463000059127808","0.8463000059127808","464","464","464","0.8472999930381775","0.8472999930381775","0.8472999930381775","464","464","464","0.829800009727478","0.829800009727478","0.829800009727478","464","464","464","0.6777999997138977","0.6777999997138977","0.6777999997138977"
"28","481","481","481","0.847100019454956","0.847100019454956","0.847100019454956","481","481","481","0.8482000231742859","0.8482000231742859","0.8482000231742859","481","481","481","0.8299000263214111","0.8299000263214111","0.8299000263214111","481","481","481","0.6751999855041504","0.6751999855041504","0.6751999855041504"
"29","498","498","498","0.8454999923706055","0.8454999923706055","0.8454999923706055","498","498","498","0.8447999954223633","0.8447999954223633","0.8447999954223633","498","498","498","0.830299973487854","0.830299973487854","0.830299973487854","498","498","498","0.6933000087738037","0.6933000087738037","0.6933000087738037"
"30","514","514","514","0.8454999923706055","0.8454999923706055","0.8454999923706055","514","514","514","0.8460999727249146","0.8460999727249146","0.8460999727249146","514","514","514","0.8253999948501587","0.8253999948501587","0.8253999948501587","514","514","514","0.6769000291824341","0.6769000291824341","0.6769000291824341"
"31","531","531","531","0.8445000052452087","0.8445000052452087","0.8445000052452087","531","531","531","0.84579998254776","0.84579998254776","0.84579998254776","531","531","531","0.8284000158309937","0.8284000158309937","0.8284000158309937","531","531","531","0.6880999803543091","0.6880999803543091","0.6880999803543091"
"32","548","548","548","0.8467000126838684","0.8467000126838684","0.8467000126838684","548","548","548","0.8497999906539917","0.8497999906539917","0.8497999906539917","548","548","548","0.8317999839782715","0.8317999839782715","0.8317999839782715","548","548","548","0.6883999705314636","0.6883999705314636","0.6883999705314636"
"33","564","564","564","0.845300018787384","0.845300018787384","0.845300018787384","564","564","564","0.8478999733924866","0.8478999733924866","0.8478999733924866","564","564","564","0.83160001039505","0.83160001039505","0.83160001039505","564","564","564","0.6865000128746033","0.6865000128746033","0.6865000128746033"
"34","581","581","581","0.8450000286102295","0.8450000286102295","0.8450000286102295","581","581","581","0.8465999960899353","0.8465999960899353","0.8465999960899353","581","581","581","0.8323000073432922","0.8323000073432922","0.8323000073432922","581","581","581","0.692300021648407","0.692300021648407","0.692300021648407"
"35","598","598","598","0.8476999998092651","0.8476999998092651","0.8476999998092651","598","598","598","0.8482000231742859","0.8482000231742859","0.8482000231742859","598","598","598","0.8327999711036682","0.8327999711036682","0.8327999711036682","598","598","598","0.684499979019165","0.684499979019165","0.684499979019165"
"36","614","614","614","0.845300018787384","0.845300018787384","0.845300018787384","614","614","614","0.8449000120162964","0.8449000120162964","0.8449000120162964","614","614","614","0.8303999900817871","0.8303999900817871","0.8303999900817871","614","614","614","0.6909000277519226","0.6909000277519226","0.6909000277519226"
"37","631","631","631","0.8450000286102295","0.8450000286102295","0.8450000286102295","631","631","631","0.8447999954223633","0.8447999954223633","0.8447999954223633","631","631","631","0.8309000134468079","0.8309000134468079","0.8309000134468079","631","631","631","0.6895999908447266","0.6895999908447266","0.6895999908447266"
"38","647","647","647","0.8439000248908997","0.8439000248908997","0.8439000248908997","647","647","647","0.8463000059127808","0.8463000059127808","0.8463000059127808","647","647","647","0.824400007724762","0.824400007724762","0.824400007724762","647","647","647","0.678600013256073","0.678600013256073","0.678600013256073"
"39","664","664","664","0.8468999862670898","0.8468999862670898","0.8468999862670898","664","664","664","0.849399983882904","0.849399983882904","0.849399983882904","664","664","664","0.833299994468689","0.833299994468689","0.833299994468689","664","664","664","0.6923999786376953","0.6923999786376953","0.6923999786376953"
"40","681","681","681","0.8432000279426575","0.8432000279426575","0.8432000279426575","681","681","681","0.8472999930381775","0.8472999930381775","0.8472999930381775","681","681","681","0.8391000032424927","0.8391000032424927","0.8391000032424927","681","681","681","0.7096999883651733","0.7096999883651733","0.7096999883651733"
"41","697","697","697","0.84579998254776","0.84579998254776","0.84579998254776","697","697","697","0.847000002861023","0.847000002861023","0.847000002861023","697","697","697","0.8321999907493591","0.8321999907493591","0.8321999907493591","697","697","697","0.7042999863624573","0.7042999863624573","0.7042999863624573"
"42","714","714","714","0.847599983215332","0.847599983215332","0.847599983215332","714","714","714","0.8479999899864197","0.8479999899864197","0.8479999899864197","714","714","714","0.833899974822998","0.833899974822998","0.833899974822998","714","714","714","0.6833000183105469","0.6833000183105469","0.6833000183105469"
"43","731","731","731","0.8460000157356262","0.8460000157356262","0.8460000157356262","731","731","731","0.8492000102996826","0.8492000102996826","0.8492000102996826","731","731","731","0.8345999717712402","0.8345999717712402","0.8345999717712402","731","731","731","0.7002999782562256","0.7002999782562256","0.7002999782562256"
"44","747","747","747","0.8474000096321106","0.8474000096321106","0.8474000096321106","747","747","747","0.8486999869346619","0.8486999869346619","0.8486999869346619","747","747","747","0.8319000005722046","0.8319000005722046","0.8319000005722046","747","747","747","0.6991000175476074","0.6991000175476074","0.6991000175476074"
"45","764","764","764","0.8464999794960022","0.8464999794960022","0.8464999794960022","764","764","764","0.8478999733924866","0.8478999733924866","0.8478999733924866","764","764","764","0.8402000069618225","0.8402000069618225","0.8402000069618225","764","764","764","0.708899974822998","0.708899974822998","0.708899974822998"
"46","781","781","781","0.8440999984741211","0.8440999984741211","0.8440999984741211","781","781","781","0.8468000292778015","0.8468000292778015","0.8468000292778015","781","781","781","0.8381999731063843","0.8381999731063843","0.8381999731063843","781","781","781","0.7077999711036682","0.7077999711036682","0.7077999711036682"
"47","797","797","797","0.847599983215332","0.847599983215332","0.847599983215332","797","797","797","0.845300018787384","0.845300018787384","0.845300018787384","797","797","797","0.8349000215530396","0.8349000215530396","0.8349000215530396","797","797","797","0.7027999758720398","0.7027999758720398","0.7027999758720398"
"48","814","814","814","0.8450000286102295","0.8450000286102295","0.8450000286102295","814","814","814","0.8435999751091003","0.8435999751091003","0.8435999751091003","814","814","814","0.8289999961853027","0.8289999961853027","0.8289999961853027","814","814","814","0.7208999991416931","0.7208999991416931","0.7208999991416931"
"49","831","831","831","0.8461999893188477","0.8461999893188477","0.8461999893188477","831","831","831","0.8464999794960022","0.8464999794960022","0.8464999794960022","831","831","831","0.8307999968528748","0.8307999968528748","0.8307999968528748","831","831","831","0.6988000273704529","0.6988000273704529","0.6988000273704529"
"50","847","847","847","0.847000002861023","0.847000002861023","0.847000002861023","847","847","847","0.8503999710083008","0.8503999710083008","0.8503999710083008","847","847","847","0.8393999934196472","0.8393999934196472","0.8393999934196472","847","847","847","0.7132999897003174","0.7132999897003174","0.7132999897003174"
"51","864","864","864","0.8475000262260437","0.8475000262260437","0.8475000262260437","864","864","864","0.848800003528595","0.848800003528595","0.848800003528595","864","864","864","0.8389000296592712","0.8389000296592712","0.8389000296592712","864","864","864","0.6941999793052673","0.6941999793052673","0.6941999793052673"
"52","880","880","880","0.8475000262260437","0.8475000262260437","0.8475000262260437","880","880","880","0.847599983215332","0.847599983215332","0.847599983215332","880","880","880","0.8388000130653381","0.8388000130653381","0.8388000130653381","880","880","880","0.7093999981880188","0.7093999981880188","0.7093999981880188"
"53","897","897","897","0.8476999998092651","0.8476999998092651","0.8476999998092651","897","897","897","0.8468999862670898","0.8468999862670898","0.8468999862670898","897","897","897","0.842199981212616","0.842199981212616","0.842199981212616","897","897","897","0.7166000008583069","0.7166000008583069","0.7166000008583069"
"54","914","914","914","0.848800003528595","0.848800003528595","0.848800003528595","914","914","914","0.84579998254776","0.84579998254776","0.84579998254776","914","914","914","0.836899995803833","0.836899995803833","0.836899995803833","914","914","914","0.7202000021934509","0.7202000021934509","0.7202000021934509"
"55","930","930","930","0.8456000089645386","0.8456000089645386","0.8456000089645386","930","930","930","0.8482000231742859","0.8482000231742859","0.8482000231742859","930","930","930","0.843999981880188","0.843999981880188","0.843999981880188","930","930","930","0.7271000146865845","0.7271000146865845","0.7271000146865845"
"56","947","947","947","0.8460000157356262","0.8460000157356262","0.8460000157356262","947","947","947","0.8460000157356262","0.8460000157356262","0.8460000157356262","947","947","947","0.8295999765396118","0.8295999765396118","0.8295999765396118","947","947","947","0.7168999910354614","0.7168999910354614","0.7168999910354614"
"57","964","964","964","0.8442999720573425","0.8442999720573425","0.8442999720573425","964","964","964","0.8475000262260437","0.8475000262260437","0.8475000262260437","964","964","964","0.8295999765396118","0.8295999765396118","0.8295999765396118","964","964","964","0.7221999764442444","0.7221999764442444","0.7221999764442444"
"58","980","980","980","0.8464000225067139","0.8464000225067139","0.8464000225067139","980","980","980","0.8471999764442444","0.8471999764442444","0.8471999764442444","980","980","980","0.8400999903678894","0.8400999903678894","0.8400999903678894","980","980","980","0.7134000062942505","0.7134000062942505","0.7134000062942505"
"59","997","997","997","0.8468000292778015","0.8468000292778015","0.8468000292778015","997","997","997","0.8438000082969666","0.8438000082969666","0.8438000082969666","997","997","997","0.8428999781608582","0.8428999781608582","0.8428999781608582","997","997","997","0.7279000282287598","0.7279000282287598","0.7279000282287598"
"60","1014","1014","1014","0.8482999801635742","0.8482999801635742","0.8482999801635742","1014","1014","1014","0.8486999869346619","0.8486999869346619","0.8486999869346619","1014","1014","1014","0.8349999785423279","0.8349999785423279","0.8349999785423279","1014","1014","1014","0.7243000268936157","0.7243000268936157","0.7243000268936157"
"61","1030","1030","1030","0.8450999855995178","0.8450999855995178","0.8450999855995178","1030","1030","1030","0.8465999960899353","0.8465999960899353","0.8465999960899353","1030","1030","1030","0.8392000198364258","0.8392000198364258","0.8392000198364258","1030","1030","1030","0.7276999950408936","0.7276999950408936","0.7276999950408936"
"62","1047","1047","1047","0.8456000089645386","0.8456000089645386","0.8456000089645386","1047","1047","1047","0.8478999733924866","0.8478999733924866","0.8478999733924866","1047","1047","1047","0.8349999785423279","0.8349999785423279","0.8349999785423279","1047","1047","1047","0.7239000201225281","0.7239000201225281","0.7239000201225281"
"63","1063","1063","1063","0.8475000262260437","0.8475000262260437","0.8475000262260437","1063","1063","1063","0.8468000292778015","0.8468000292778015","0.8468000292778015","1063","1063","1063","0.8377000093460083","0.8377000093460083","0.8377000093460083","1063","1063","1063","0.7226999998092651","0.7226999998092651","0.7226999998092651"
"64","1080","1080","1080","0.8467000126838684","0.8467000126838684","0.8467000126838684","1080","1080","1080","0.8476999998092651","0.8476999998092651","0.8476999998092651","1080","1080","1080","0.8378000259399414","0.8378000259399414","0.8378000259399414","1080","1080","1080","0.7221999764442444","0.7221999764442444","0.7221999764442444"
"65","1097","1097","1097","0.8478000164031982","0.8478000164031982","0.8478000164031982","1097","1097","1097","0.8500999808311462","0.8500999808311462","0.8500999808311462","1097","1097","1097","0.8360000252723694","0.8360000252723694","0.8360000252723694","1097","1097","1097","0.7218000292778015","0.7218000292778015","0.7218000292778015"
"66","1113","1113","1113","0.8452000021934509","0.8452000021934509","0.8452000021934509","1113","1113","1113","0.8482000231742859","0.8482000231742859","0.8482000231742859","1113","1113","1113","0.8392000198364258","0.8392000198364258","0.8392000198364258","1113","1113","1113","0.722599983215332","0.722599983215332","0.722599983215332"
"67","1130","1130","1130","0.8482000231742859","0.8482000231742859","0.8482000231742859","1130","1130","1130","0.8478000164031982","0.8478000164031982","0.8478000164031982","1130","1130","1130","0.8384000062942505","0.8384000062942505","0.8384000062942505","1130","1130","1130","0.7343999743461609","0.7343999743461609","0.7343999743461609"
"68","1147","1147","1147","0.8486999869346619","0.8486999869346619","0.8486999869346619","1147","1147","1147","0.8490999937057495","0.8490999937057495","0.8490999937057495","1147","1147","1147","0.8389000296592712","0.8389000296592712","0.8389000296592712","1147","1147","1147","0.722599983215332","0.722599983215332","0.722599983215332"
"69","1163","1163","1163","0.8460999727249146","0.8460999727249146","0.8460999727249146","1163","1163","1163","0.8476999998092651","0.8476999998092651","0.8476999998092651","1163","1163","1163","0.8396000266075134","0.8396000266075134","0.8396000266075134","1163","1163","1163","0.729200005531311","0.729200005531311","0.729200005531311"
"70","1180","1180","1180","0.843999981880188","0.843999981880188","0.843999981880188","1180","1180","1180","0.8495000004768372","0.8495000004768372","0.8495000004768372","1180","1180","1180","0.84170001745224","0.84170001745224","0.84170001745224","1180","1180","1180","0.7333999872207642","0.7333999872207642","0.7333999872207642"
"71","1197","1197","1197","0.8442999720573425","0.8442999720573425","0.8442999720573425","1197","1197","1197","0.847000002861023","0.847000002861023","0.847000002861023","1197","1197","1197","0.8413000106811523","0.8413000106811523","0.8413000106811523","1197","1197","1197","0.7322999835014343","0.7322999835014343","0.7322999835014343"
"72","1213","1213","1213","0.8452000021934509","0.8452000021934509","0.8452000021934509","1213","1213","1213","0.847100019454956","0.847100019454956","0.847100019454956","1213","1213","1213","0.833899974822998","0.833899974822998","0.833899974822998","1213","1213","1213","0.722000002861023","0.722000002861023","0.722000002861023"
"73","1230","1230","1230","0.8482999801635742","0.8482999801635742","0.8482999801635742","1230","1230","1230","0.8500999808311462","0.8500999808311462","0.8500999808311462","1230","1230","1230","0.838100016117096","0.838100016117096","0.838100016117096","1230","1230","1230","0.7354999780654907","0.7354999780654907","0.7354999780654907"
"74","1247","1247","1247","0.8460999727249146","0.8460999727249146","0.8460999727249146","1247","1247","1247","0.8495000004768372","0.8495000004768372","0.8495000004768372","1247","1247","1247","0.8303999900817871","0.8303999900817871","0.8303999900817871","1247","1247","1247","0.7355999946594238","0.7355999946594238","0.7355999946594238"
"75","1263","1263","1263","0.8454999923706055","0.8454999923706055","0.8454999923706055","1263","1263","1263","0.8479999899864197","0.8479999899864197","0.8479999899864197","1263","1263","1263","0.8403000235557556","0.8403000235557556","0.8403000235557556","1263","1263","1263","0.7271999716758728","0.7271999716758728","0.7271999716758728"
"76","1280","1280","1280","0.8432000279426575","0.8432000279426575","0.8432000279426575","1280","1280","1280","0.8453999757766724","0.8453999757766724","0.8453999757766724","1280","1280","1280","0.8371000289916992","0.8371000289916992","0.8371000289916992","1280","1280","1280","0.7369999885559082","0.7369999885559082","0.7369999885559082"
"77","1296","1296","1296","0.8468999862670898","0.8468999862670898","0.8468999862670898","1296","1296","1296","0.8475000262260437","0.8475000262260437","0.8475000262260437","1296","1296","1296","0.8424999713897705","0.8424999713897705","0.8424999713897705","1296","1296","1296","0.7430999875068665","0.7430999875068665","0.7430999875068665"
"78","1313","1313","1313","0.8472999930381775","0.8472999930381775","0.8472999930381775","1313","1313","1313","0.8496000170707703","0.8496000170707703","0.8496000170707703","1313","1313","1313","0.8432000279426575","0.8432000279426575","0.8432000279426575","1313","1313","1313","0.739799976348877","0.739799976348877","0.739799976348877"
"79","1330","1330","1330","0.8483999967575073","0.8483999967575073","0.8483999967575073","1330","1330","1330","0.847100019454956","0.847100019454956","0.847100019454956","1330","1330","1330","0.8418999910354614","0.8418999910354614","0.8418999910354614","1330","1330","1330","0.7422000169754028","0.7422000169754028","0.7422000169754028"
"80","1346","1346","1346","0.8454999923706055","0.8454999923706055","0.8454999923706055","1346","1346","1346","0.8500000238418579","0.8500000238418579","0.8500000238418579","1346","1346","1346","0.84170001745224","0.84170001745224","0.84170001745224","1346","1346","1346","0.7473999857902527","0.7473999857902527","0.7473999857902527"
"81","1363","1363","1363","0.8497999906539917","0.8497999906539917","0.8497999906539917","1363","1363","1363","0.8478999733924866","0.8478999733924866","0.8478999733924866","1363","1363","1363","0.8432000279426575","0.8432000279426575","0.8432000279426575","1363","1363","1363","0.7347999811172485","0.7347999811172485","0.7347999811172485"
"82","1380","1380","1380","0.8450999855995178","0.8450999855995178","0.8450999855995178","1380","1380","1380","0.8495000004768372","0.8495000004768372","0.8495000004768372","1380","1380","1380","0.8361999988555908","0.8361999988555908","0.8361999988555908","1380","1380","1380","0.7355999946594238","0.7355999946594238","0.7355999946594238"
"83","1396","1396","1396","0.8446000218391418","0.8446000218391418","0.8446000218391418","1396","1396","1396","0.8485000133514404","0.8485000133514404","0.8485000133514404","1396","1396","1396","0.8384000062942505","0.8384000062942505","0.8384000062942505","1396","1396","1396","0.7271000146865845","0.7271000146865845","0.7271000146865845"
"84","1413","1413","1413","0.8481000065803528","0.8481000065803528","0.8481000065803528","1413","1413","1413","0.847100019454956","0.847100019454956","0.847100019454956","1413","1413","1413","0.84170001745224","0.84170001745224","0.84170001745224","1413","1413","1413","0.7465000152587891","0.7465000152587891","0.7465000152587891"
"85","1430","1430","1430","0.8461999893188477","0.8461999893188477","0.8461999893188477","1430","1430","1430","0.8489999771118164","0.8489999771118164","0.8489999771118164","1430","1430","1430","0.8413000106811523","0.8413000106811523","0.8413000106811523","1430","1430","1430","0.7422000169754028","0.7422000169754028","0.7422000169754028"
"86","1446","1446","1446","0.8481000065803528","0.8481000065803528","0.8481000065803528","1446","1446","1446","0.8489000201225281","0.8489000201225281","0.8489000201225281","1446","1446","1446","0.8378999829292297","0.8378999829292297","0.8378999829292297","1446","1446","1446","0.7394999861717224","0.7394999861717224","0.7394999861717224"
"87","1463","1463","1463","0.8454999923706055","0.8454999923706055","0.8454999923706055","1463","1463","1463","0.8483999967575073","0.8483999967575073","0.8483999967575073","1463","1463","1463","0.8407999873161316","0.8407999873161316","0.8407999873161316","1463","1463","1463","0.7321000099182129","0.7321000099182129","0.7321000099182129"
"88","1479","1479","1479","0.8432000279426575","0.8432000279426575","0.8432000279426575","1479","1479","1479","0.8486999869346619","0.8486999869346619","0.8486999869346619","1479","1479","1479","0.8431000113487244","0.8431000113487244","0.8431000113487244","1479","1479","1479","0.7440999746322632","0.7440999746322632","0.7440999746322632"
"89","1496","1496","1496","0.8425999879837036","0.8425999879837036","0.8425999879837036","1496","1496","1496","0.8467000126838684","0.8467000126838684","0.8467000126838684","1496","1496","1496","0.8364999890327454","0.8364999890327454","0.8364999890327454","1496","1496","1496","0.7391999959945679","0.7391999959945679","0.7391999959945679"
"90","1513","1513","1513","0.8442999720573425","0.8442999720573425","0.8442999720573425","1513","1513","1513","0.8486999869346619","0.8486999869346619","0.8486999869346619","1513","1513","1513","0.8403000235557556","0.8403000235557556","0.8403000235557556","1513","1513","1513","0.7422999739646912","0.7422999739646912","0.7422999739646912"
"91","1529","1529","1529","0.8483999967575073","0.8483999967575073","0.8483999967575073","1529","1529","1529","0.8460999727249146","0.8460999727249146","0.8460999727249146","1529","1529","1529","0.8389000296592712","0.8389000296592712","0.8389000296592712","1529","1529","1529","0.7245000004768372","0.7245000004768372","0.7245000004768372"
"92","1546","1546","1546","0.8436999917030334","0.8436999917030334","0.8436999917030334","1546","1546","1546","0.8493000268936157","0.8493000268936157","0.8493000268936157","1546","1546","1546","0.8432000279426575","0.8432000279426575","0.8432000279426575","1546","1546","1546","0.745199978351593","0.745199978351593","0.745199978351593"
"93","1563","1563","1563","0.8456000089645386","0.8456000089645386","0.8456000089645386","1563","1563","1563","0.8503000140190125","0.8503000140190125","0.8503000140190125","1563","1563","1563","0.8392999768257141","0.8392999768257141","0.8392999768257141","1563","1563","1563","0.7437000274658203","0.7437000274658203","0.7437000274658203"
"94","1579","1579","1579","0.8452000021934509","0.8452000021934509","0.8452000021934509","1579","1579","1579","0.8463000059127808","0.8463000059127808","0.8463000059127808","1579","1579","1579","0.8446000218391418","0.8446000218391418","0.8446000218391418","1579","1579","1579","0.7351999878883362","0.7351999878883362","0.7351999878883362"
"95","1596","1596","1596","0.8471999764442444","0.8471999764442444","0.8471999764442444","1596","1596","1596","0.8471999764442444","0.8471999764442444","0.8471999764442444","1596","1596","1596","0.8435999751091003","0.8435999751091003","0.8435999751091003","1596","1596","1596","0.7369999885559082","0.7369999885559082","0.7369999885559082"
"96","1613","1613","1613","0.8460000157356262","0.8460000157356262","0.8460000157356262","1613","1613","1613","0.8489000201225281","0.8489000201225281","0.8489000201225281","1613","1613","1613","0.8356000185012817","0.8356000185012817","0.8356000185012817","1613","1613","1613","0.7444000244140625","0.7444000244140625","0.7444000244140625"
"97","1629","1629","1629","0.8496999740600586","0.8496999740600586","0.8496999740600586","1629","1629","1629","0.847100019454956","0.847100019454956","0.847100019454956","1629","1629","1629","0.8449000120162964","0.8449000120162964","0.8449000120162964","1629","1629","1629","0.7452999949455261","0.7452999949455261","0.7452999949455261"
"98","1646","1646","1646","0.847100019454956","0.847100019454956","0.847100019454956","1646","1646","1646","0.8489000201225281","0.8489000201225281","0.8489000201225281","1646","1646","1646","0.8389999866485596","0.8389999866485596","0.8389999866485596","1646","1646","1646","0.7376000285148621","0.7376000285148621","0.7376000285148621"
"99","1663","1663","1663","0.8434000015258789","0.8434000015258789","0.8434000015258789","1663","1663","1663","0.8467000126838684","0.8467000126838684","0.8467000126838684","1663","1663","1663","0.839900016784668","0.839900016784668","0.839900016784668","1663","1663","1663","0.7439000010490417","0.7439000010490417","0.7439000010490417"
"100","1679","1679","1679","0.8490999937057495","0.8490999937057495","0.8490999937057495","1679","1679","1679","0.8513000011444092","0.8513000011444092","0.8513000011444092","1679","1679","1679","0.8490999937057495","0.8490999937057495","0.8490999937057495","1679","1679","1679","0.7784000039100647","0.7784000039100647","0.7784000039100647"
"101","1696","1696","1696","0.8496999740600586","0.8496999740600586","0.8496999740600586","1696","1696","1696","0.8508999943733215","0.8508999943733215","0.8508999943733215","1696","1696","1696","0.8497999906539917","0.8497999906539917","0.8497999906539917","1696","1696","1696","0.7803999781608582","0.7803999781608582","0.7803999781608582"
"102","1712","1712","1712","0.8500000238418579","0.8500000238418579","0.8500000238418579","1712","1712","1712","0.8513000011444092","0.8513000011444092","0.8513000011444092","1712","1712","1712","0.8496000170707703","0.8496000170707703","0.8496000170707703","1712","1712","1712","0.7810999751091003","0.7810999751091003","0.7810999751091003"
"103","1729","1729","1729","0.850600004196167","0.850600004196167","0.850600004196167","1729","1729","1729","0.850600004196167","0.850600004196167","0.850600004196167","1729","1729","1729","0.8508999943733215","0.8508999943733215","0.8508999943733215","1729","1729","1729","0.7824000120162964","0.7824000120162964","0.7824000120162964"
"104","1746","1746","1746","0.8503000140190125","0.8503000140190125","0.8503000140190125","1746","1746","1746","0.8521000146865845","0.8521000146865845","0.8521000146865845","1746","1746","1746","0.8492000102996826","0.8492000102996826","0.8492000102996826","1746","1746","1746","0.7821000218391418","0.7821000218391418","0.7821000218391418"
"105","1762","1762","1762","0.8499000072479248","0.8499000072479248","0.8499000072479248","1762","1762","1762","0.8514999747276306","0.8514999747276306","0.8514999747276306","1762","1762","1762","0.8510000109672546","0.8510000109672546","0.8510000109672546","1762","1762","1762","0.7864000201225281","0.7864000201225281","0.7864000201225281"
"106","1779","1779","1779","0.8497999906539917","0.8497999906539917","0.8497999906539917","1779","1779","1779","0.8489999771118164","0.8489999771118164","0.8489999771118164","1779","1779","1779","0.8490999937057495","0.8490999937057495","0.8490999937057495","1779","1779","1779","0.7840999960899353","0.7840999960899353","0.7840999960899353"
"107","1796","1796","1796","0.8489000201225281","0.8489000201225281","0.8489000201225281","1796","1796","1796","0.8511999845504761","0.8511999845504761","0.8511999845504761","1796","1796","1796","0.8478999733924866","0.8478999733924866","0.8478999733924866","1796","1796","1796","0.7864000201225281","0.7864000201225281","0.7864000201225281"
"108","1812","1812","1812","0.8496000170707703","0.8496000170707703","0.8496000170707703","1812","1812","1812","0.8511999845504761","0.8511999845504761","0.8511999845504761","1812","1812","1812","0.8481000065803528","0.8481000065803528","0.8481000065803528","1812","1812","1812","0.7839999794960022","0.7839999794960022","0.7839999794960022"
"109","1829","1829","1829","0.8485999703407288","0.8485999703407288","0.8485999703407288","1829","1829","1829","0.8504999876022339","0.8504999876022339","0.8504999876022339","1829","1829","1829","0.8497999906539917","0.8497999906539917","0.8497999906539917","1829","1829","1829","0.7875999808311462","0.7875999808311462","0.7875999808311462"
"110","1846","1846","1846","0.8503999710083008","0.8503999710083008","0.8503999710083008","1846","1846","1846","0.8503000140190125","0.8503000140190125","0.8503000140190125","1846","1846","1846","0.8495000004768372","0.8495000004768372","0.8495000004768372","1846","1846","1846","0.785099983215332","0.785099983215332","0.785099983215332"
"111","1862","1862","1862","0.8504999876022339","0.8504999876022339","0.8504999876022339","1862","1862","1862","0.8514000177383423","0.8514000177383423","0.8514000177383423","1862","1862","1862","0.848800003528595","0.848800003528595","0.848800003528595","1862","1862","1862","0.7853000164031982","0.7853000164031982","0.7853000164031982"
"112","1879","1879","1879","0.8483999967575073","0.8483999967575073","0.8483999967575073","1879","1879","1879","0.8499000072479248","0.8499000072479248","0.8499000072479248","1879","1879","1879","0.8496000170707703","0.8496000170707703","0.8496000170707703","1879","1879","1879","0.788100004196167","0.788100004196167","0.788100004196167"
"113","1895","1895","1895","0.8508999943733215","0.8508999943733215","0.8508999943733215","1895","1895","1895","0.8510000109672546","0.8510000109672546","0.8510000109672546","1895","1895","1895","0.8518999814987183","0.8518999814987183","0.8518999814987183","1895","1895","1895","0.7867000102996826","0.7867000102996826","0.7867000102996826"
"114","1912","1912","1912","0.8508999943733215","0.8508999943733215","0.8508999943733215","1912","1912","1912","0.8507000207901001","0.8507000207901001","0.8507000207901001","1912","1912","1912","0.8485999703407288","0.8485999703407288","0.8485999703407288","1912","1912","1912","0.7907000184059143","0.7907000184059143","0.7907000184059143"
"115","1929","1929","1929","0.8503999710083008","0.8503999710083008","0.8503999710083008","1929","1929","1929","0.8501999974250793","0.8501999974250793","0.8501999974250793","1929","1929","1929","0.8514000177383423","0.8514000177383423","0.8514000177383423","1929","1929","1929","0.7906000018119812","0.7906000018119812","0.7906000018119812"
"116","1945","1945","1945","0.8492000102996826","0.8492000102996826","0.8492000102996826","1945","1945","1945","0.8511000275611877","0.8511000275611877","0.8511000275611877","1945","1945","1945","0.8499000072479248","0.8499000072479248","0.8499000072479248","1945","1945","1945","0.7908999919891357","0.7908999919891357","0.7908999919891357"
"117","1962","1962","1962","0.8503000140190125","0.8503000140190125","0.8503000140190125","1962","1962","1962","0.8495000004768372","0.8495000004768372","0.8495000004768372","1962","1962","1962","0.8481000065803528","0.8481000065803528","0.8481000065803528","1962","1962","1962","0.79339998960495","0.79339998960495","0.79339998960495"
"118","1979","1979","1979","0.8503000140190125","0.8503000140190125","0.8503000140190125","1979","1979","1979","0.8511999845504761","0.8511999845504761","0.8511999845504761","1979","1979","1979","0.8481000065803528","0.8481000065803528","0.8481000065803528","1979","1979","1979","0.7906000018119812","0.7906000018119812","0.7906000018119812"
"119","1995","1995","1995","0.8504999876022339","0.8504999876022339","0.8504999876022339","1995","1995","1995","0.8511000275611877","0.8511000275611877","0.8511000275611877","1995","1995","1995","0.8508999943733215","0.8508999943733215","0.8508999943733215","1995","1995","1995","0.792900025844574","0.792900025844574","0.792900025844574"
"120","2012","2012","2012","0.8492000102996826","0.8492000102996826","0.8492000102996826","2012","2012","2012","0.8503000140190125","0.8503000140190125","0.8503000140190125","2012","2012","2012","0.8499000072479248","0.8499000072479248","0.8499000072479248","2012","2012","2012","0.7907000184059143","0.7907000184059143","0.7907000184059143"
"121","2029","2029","2029","0.850600004196167","0.850600004196167","0.850600004196167","2029","2029","2029","0.8500000238418579","0.8500000238418579","0.8500000238418579","2029","2029","2029","0.8504999876022339","0.8504999876022339","0.8504999876022339","2029","2029","2029","0.7928000092506409","0.7928000092506409","0.7928000092506409"
"122","2045","2045","2045","0.8492000102996826","0.8492000102996826","0.8492000102996826","2045","2045","2045","0.8522999882698059","0.8522999882698059","0.8522999882698059","2045","2045","2045","0.8495000004768372","0.8495000004768372","0.8495000004768372","2045","2045","2045","0.7875999808311462","0.7875999808311462","0.7875999808311462"
"123","2062","2062","2062","0.8482000231742859","0.8482000231742859","0.8482000231742859","2062","2062","2062","0.8511000275611877","0.8511000275611877","0.8511000275611877","2062","2062","2062","0.850600004196167","0.850600004196167","0.850600004196167","2062","2062","2062","0.7919999957084656","0.7919999957084656","0.7919999957084656"
"124","2079","2079","2079","0.8517000079154968","0.8517000079154968","0.8517000079154968","2079","2079","2079","0.8500000238418579","0.8500000238418579","0.8500000238418579","2079","2079","2079","0.8522999882698059","0.8522999882698059","0.8522999882698059","2079","2079","2079","0.789900004863739","0.789900004863739","0.789900004863739"
"125","2095","2095","2095","0.8517000079154968","0.8517000079154968","0.8517000079154968","2095","2095","2095","0.8514999747276306","0.8514999747276306","0.8514999747276306","2095","2095","2095","0.8486999869346619","0.8486999869346619","0.8486999869346619","2095","2095","2095","0.7944999933242798","0.7944999933242798","0.7944999933242798"
"126","2112","2112","2112","0.8518999814987183","0.8518999814987183","0.8518999814987183","2112","2112","2112","0.8497999906539917","0.8497999906539917","0.8497999906539917","2112","2112","2112","0.8518999814987183","0.8518999814987183","0.8518999814987183","2112","2112","2112","0.7915999889373779","0.7915999889373779","0.7915999889373779"
"127","2128","2128","2128","0.8504999876022339","0.8504999876022339","0.8504999876022339","2128","2128","2128","0.8508999943733215","0.8508999943733215","0.8508999943733215","2128","2128","2128","0.8507000207901001","0.8507000207901001","0.8507000207901001","2128","2128","2128","0.7922999858856201","0.7922999858856201","0.7922999858856201"
"128","2145","2145","2145","0.8507000207901001","0.8507000207901001","0.8507000207901001","2145","2145","2145","0.8503999710083008","0.8503999710083008","0.8503999710083008","2145","2145","2145","0.8514000177383423","0.8514000177383423","0.8514000177383423","2145","2145","2145","0.7928000092506409","0.7928000092506409","0.7928000092506409"
"129","2162","2162","2162","0.8517000079154968","0.8517000079154968","0.8517000079154968","2162","2162","2162","0.8507000207901001","0.8507000207901001","0.8507000207901001","2162","2162","2162","0.8500000238418579","0.8500000238418579","0.8500000238418579","2162","2162","2162","0.7932000160217285","0.7932000160217285","0.7932000160217285"
"130","2178","2178","2178","0.8503000140190125","0.8503000140190125","0.8503000140190125","2178","2178","2178","0.8514999747276306","0.8514999747276306","0.8514999747276306","2178","2178","2178","0.8479999899864197","0.8479999899864197","0.8479999899864197","2178","2178","2178","0.795199990272522","0.795199990272522","0.795199990272522"
"131","2195","2195","2195","0.8507999777793884","0.8507999777793884","0.8507999777793884","2195","2195","2195","0.8508999943733215","0.8508999943733215","0.8508999943733215","2195","2195","2195","0.8510000109672546","0.8510000109672546","0.8510000109672546","2195","2195","2195","0.7943999767303467","0.7943999767303467","0.7943999767303467"
"132","2212","2212","2212","0.8499000072479248","0.8499000072479248","0.8499000072479248","2212","2212","2212","0.8514000177383423","0.8514000177383423","0.8514000177383423","2212","2212","2212","0.8500999808311462","0.8500999808311462","0.8500999808311462","2212","2212","2212","0.7936000227928162","0.7936000227928162","0.7936000227928162"
"133","2228","2228","2228","0.850600004196167","0.850600004196167","0.850600004196167","2228","2228","2228","0.8511000275611877","0.8511000275611877","0.8511000275611877","2228","2228","2228","0.8499000072479248","0.8499000072479248","0.8499000072479248","2228","2228","2228","0.7922999858856201","0.7922999858856201","0.7922999858856201"
"134","2245","2245","2245","0.8507999777793884","0.8507999777793884","0.8507999777793884","2245","2245","2245","0.8500000238418579","0.8500000238418579","0.8500000238418579","2245","2245","2245","0.8499000072479248","0.8499000072479248","0.8499000072479248","2245","2245","2245","0.7947999835014343","0.7947999835014343","0.7947999835014343"
"135","2262","2262","2262","0.8503000140190125","0.8503000140190125","0.8503000140190125","2262","2262","2262","0.8497999906539917","0.8497999906539917","0.8497999906539917","2262","2262","2262","0.8493000268936157","0.8493000268936157","0.8493000268936157","2262","2262","2262","0.7943999767303467","0.7943999767303467","0.7943999767303467"
"136","2278","2278","2278","0.8500000238418579","0.8500000238418579","0.8500000238418579","2278","2278","2278","0.8514000177383423","0.8514000177383423","0.8514000177383423","2278","2278","2278","0.8496999740600586","0.8496999740600586","0.8496999740600586","2278","2278","2278","0.7885000109672546","0.7885000109672546","0.7885000109672546"
"137","2295","2295","2295","0.8503999710083008","0.8503999710083008","0.8503999710083008","2295","2295","2295","0.8485000133514404","0.8485000133514404","0.8485000133514404","2295","2295","2295","0.8490999937057495","0.8490999937057495","0.8490999937057495","2295","2295","2295","0.7935000061988831","0.7935000061988831","0.7935000061988831"
"138","2311","2311","2311","0.848800003528595","0.848800003528595","0.848800003528595","2311","2311","2311","0.8499000072479248","0.8499000072479248","0.8499000072479248","2311","2311","2311","0.8492000102996826","0.8492000102996826","0.8492000102996826","2311","2311","2311","0.7943000197410583","0.7943000197410583","0.7943000197410583"
"139","2328","2328","2328","0.8517000079154968","0.8517000079154968","0.8517000079154968","2328","2328","2328","0.8507999777793884","0.8507999777793884","0.8507999777793884","2328","2328","2328","0.850600004196167","0.850600004196167","0.850600004196167","2328","2328","2328","0.796999990940094","0.796999990940094","0.796999990940094"
"140","2345","2345","2345","0.8497999906539917","0.8497999906539917","0.8497999906539917","2345","2345","2345","0.8500999808311462","0.8500999808311462","0.8500999808311462","2345","2345","2345","0.8507000207901001","0.8507000207901001","0.8507000207901001","2345","2345","2345","0.7954999804496765","0.7954999804496765","0.7954999804496765"
"141","2361","2361","2361","0.8496000170707703","0.8496000170707703","0.8496000170707703","2361","2361","2361","0.8518000245094299","0.8518000245094299","0.8518000245094299","2361","2361","2361","0.849399983882904","0.849399983882904","0.849399983882904","2361","2361","2361","0.7955999970436096","0.7955999970436096","0.7955999970436096"
"142","2378","2378","2378","0.8489999771118164","0.8489999771118164","0.8489999771118164","2378","2378","2378","0.8511999845504761","0.8511999845504761","0.8511999845504761","2378","2378","2378","0.8503999710083008","0.8503999710083008","0.8503999710083008","2378","2378","2378","0.79830002784729","0.79830002784729","0.79830002784729"
"143","2395","2395","2395","0.8521999716758728","0.8521999716758728","0.8521999716758728","2395","2395","2395","0.8522999882698059","0.8522999882698059","0.8522999882698059","2395","2395","2395","0.8493000268936157","0.8493000268936157","0.8493000268936157","2395","2395","2395","0.7935000061988831","0.7935000061988831","0.7935000061988831"
"144","2411","2411","2411","0.8526999950408936","0.8526999950408936","0.8526999950408936","2411","2411","2411","0.8496999740600586","0.8496999740600586","0.8496999740600586","2411","2411","2411","0.8493000268936157","0.8493000268936157","0.8493000268936157","2411","2411","2411","0.7957000136375427","0.7957000136375427","0.7957000136375427"
"145","2428","2428","2428","0.8507000207901001","0.8507000207901001","0.8507000207901001","2428","2428","2428","0.850600004196167","0.850600004196167","0.850600004196167","2428","2428","2428","0.8504999876022339","0.8504999876022339","0.8504999876022339","2428","2428","2428","0.7950999736785889","0.7950999736785889","0.7950999736785889"
"146","2445","2445","2445","0.8514000177383423","0.8514000177383423","0.8514000177383423","2445","2445","2445","0.8507000207901001","0.8507000207901001","0.8507000207901001","2445","2445","2445","0.8531000018119812","0.8531000018119812","0.8531000018119812","2445","2445","2445","0.7978000044822693","0.7978000044822693","0.7978000044822693"
"147","2461","2461","2461","0.8493000268936157","0.8493000268936157","0.8493000268936157","2461","2461","2461","0.849399983882904","0.849399983882904","0.849399983882904","2461","2461","2461","0.8507999777793884","0.8507999777793884","0.8507999777793884","2461","2461","2461","0.7967000007629395","0.7967000007629395","0.7967000007629395"
"148","2478","2478","2478","0.849399983882904","0.849399983882904","0.849399983882904","2478","2478","2478","0.8492000102996826","0.8492000102996826","0.8492000102996826","2478","2478","2478","0.8485000133514404","0.8485000133514404","0.8485000133514404","2478","2478","2478","0.7936999797821045","0.7936999797821045","0.7936999797821045"
"149","2495","2495","2495","0.8507000207901001","0.8507000207901001","0.8507000207901001","2495","2495","2495","0.8496999740600586","0.8496999740600586","0.8496999740600586","2495","2495","2495","0.849399983882904","0.849399983882904","0.849399983882904","2495","2495","2495","0.7973999977111816","0.7973999977111816","0.7973999977111816"
"150","2511","2511","2511","0.8500999808311462","0.8500999808311462","0.8500999808311462","2511","2511","2511","0.8493000268936157","0.8493000268936157","0.8493000268936157","2511","2511","2511","0.8513000011444092","0.8513000011444092","0.8513000011444092","2511","2511","2511","0.8015000224113464","0.8015000224113464","0.8015000224113464"
"151","2528","2528","2528","0.8507000207901001","0.8507000207901001","0.8507000207901001","2528","2528","2528","0.849399983882904","0.849399983882904","0.849399983882904","2528","2528","2528","0.8497999906539917","0.8497999906539917","0.8497999906539917","2528","2528","2528","0.801800012588501","0.801800012588501","0.801800012588501"
"152","2544","2544","2544","0.8507999777793884","0.8507999777793884","0.8507999777793884","2544","2544","2544","0.8511999845504761","0.8511999845504761","0.8511999845504761","2544","2544","2544","0.8514999747276306","0.8514999747276306","0.8514999747276306","2544","2544","2544","0.8019999861717224","0.8019999861717224","0.8019999861717224"
"153","2561","2561","2561","0.8503999710083008","0.8503999710083008","0.8503999710083008","2561","2561","2561","0.8501999974250793","0.8501999974250793","0.8501999974250793","2561","2561","2561","0.8518999814987183","0.8518999814987183","0.8518999814987183","2561","2561","2561","0.8011999726295471","0.8011999726295471","0.8011999726295471"
"154","2578","2578","2578","0.8511000275611877","0.8511000275611877","0.8511000275611877","2578","2578","2578","0.8503000140190125","0.8503000140190125","0.8503000140190125","2578","2578","2578","0.8495000004768372","0.8495000004768372","0.8495000004768372","2578","2578","2578","0.7994999885559082","0.7994999885559082","0.7994999885559082"
"155","2594","2594","2594","0.8492000102996826","0.8492000102996826","0.8492000102996826","2594","2594","2594","0.8507000207901001","0.8507000207901001","0.8507000207901001","2594","2594","2594","0.8515999913215637","0.8515999913215637","0.8515999913215637","2594","2594","2594","0.8015000224113464","0.8015000224113464","0.8015000224113464"
"156","2611","2611","2611","0.8493000268936157","0.8493000268936157","0.8493000268936157","2611","2611","2611","0.848800003528595","0.848800003528595","0.848800003528595","2611","2611","2611","0.8518999814987183","0.8518999814987183","0.8518999814987183","2611","2611","2611","0.800599992275238","0.800599992275238","0.800599992275238"
"157","2628","2628","2628","0.850600004196167","0.850600004196167","0.850600004196167","2628","2628","2628","0.8501999974250793","0.8501999974250793","0.8501999974250793","2628","2628","2628","0.8511000275611877","0.8511000275611877","0.8511000275611877","2628","2628","2628","0.7993000149726868","0.7993000149726868","0.7993000149726868"
"158","2644","2644","2644","0.8511999845504761","0.8511999845504761","0.8511999845504761","2644","2644","2644","0.8495000004768372","0.8495000004768372","0.8495000004768372","2644","2644","2644","0.8511999845504761","0.8511999845504761","0.8511999845504761","2644","2644","2644","0.8014000058174133","0.8014000058174133","0.8014000058174133"
"159","2661","2661","2661","0.8503000140190125","0.8503000140190125","0.8503000140190125","2661","2661","2661","0.8486999869346619","0.8486999869346619","0.8486999869346619","2661","2661","2661","0.8511999845504761","0.8511999845504761","0.8511999845504761","2661","2661","2661","0.8019999861717224","0.8019999861717224","0.8019999861717224"
"160","2678","2678","2678","0.8511000275611877","0.8511000275611877","0.8511000275611877","2678","2678","2678","0.8510000109672546","0.8510000109672546","0.8510000109672546","2678","2678","2678","0.8503000140190125","0.8503000140190125","0.8503000140190125","2678","2678","2678","0.8023999929428101","0.8023999929428101","0.8023999929428101"
"161","2694","2694","2694","0.8485999703407288","0.8485999703407288","0.8485999703407288","2694","2694","2694","0.8513000011444092","0.8513000011444092","0.8513000011444092","2694","2694","2694","0.8521999716758728","0.8521999716758728","0.8521999716758728","2694","2694","2694","0.8008999824523926","0.8008999824523926","0.8008999824523926"
"162","2711","2711","2711","0.8504999876022339","0.8504999876022339","0.8504999876022339","2711","2711","2711","0.849399983882904","0.849399983882904","0.849399983882904","2711","2711","2711","0.8514999747276306","0.8514999747276306","0.8514999747276306","2711","2711","2711","0.8027999997138977","0.8027999997138977","0.8027999997138977"
"163","2727","2727","2727","0.8503000140190125","0.8503000140190125","0.8503000140190125","2727","2727","2727","0.8508999943733215","0.8508999943733215","0.8508999943733215","2727","2727","2727","0.8500000238418579","0.8500000238418579","0.8500000238418579","2727","2727","2727","0.800000011920929","0.800000011920929","0.800000011920929"
"164","2744","2744","2744","0.8500999808311462","0.8500999808311462","0.8500999808311462","2744","2744","2744","0.8497999906539917","0.8497999906539917","0.8497999906539917","2744","2744","2744","0.8507999777793884","0.8507999777793884","0.8507999777793884","2744","2744","2744","0.8016999959945679","0.8016999959945679","0.8016999959945679"
"165","2761","2761","2761","0.8511999845504761","0.8511999845504761","0.8511999845504761","2761","2761","2761","0.848800003528595","0.848800003528595","0.848800003528595","2761","2761","2761","0.8521999716758728","0.8521999716758728","0.8521999716758728","2761","2761","2761","0.8016999959945679","0.8016999959945679","0.8016999959945679"
"166","2777","2777","2777","0.8497999906539917","0.8497999906539917","0.8497999906539917","2777","2777","2777","0.8496999740600586","0.8496999740600586","0.8496999740600586","2777","2777","2777","0.849399983882904","0.849399983882904","0.849399983882904","2777","2777","2777","0.8019000291824341","0.8019000291824341","0.8019000291824341"
"167","2794","2794","2794","0.8508999943733215","0.8508999943733215","0.8508999943733215","2794","2794","2794","0.8482000231742859","0.8482000231742859","0.8482000231742859","2794","2794","2794","0.850600004196167","0.850600004196167","0.850600004196167","2794","2794","2794","0.8004999756813049","0.8004999756813049","0.8004999756813049"
"168","2811","2811","2811","0.8517000079154968","0.8517000079154968","0.8517000079154968","2811","2811","2811","0.8495000004768372","0.8495000004768372","0.8495000004768372","2811","2811","2811","0.8521999716758728","0.8521999716758728","0.8521999716758728","2811","2811","2811","0.800599992275238","0.800599992275238","0.800599992275238"
"169","2827","2827","2827","0.8513000011444092","0.8513000011444092","0.8513000011444092","2827","2827","2827","0.8495000004768372","0.8495000004768372","0.8495000004768372","2827","2827","2827","0.8521000146865845","0.8521000146865845","0.8521000146865845","2827","2827","2827","0.8029000163078308","0.8029000163078308","0.8029000163078308"
"170","2844","2844","2844","0.8511000275611877","0.8511000275611877","0.8511000275611877","2844","2844","2844","0.8486999869346619","0.8486999869346619","0.8486999869346619","2844","2844","2844","0.8503999710083008","0.8503999710083008","0.8503999710083008","2844","2844","2844","0.8011999726295471","0.8011999726295471","0.8011999726295471"
"171","2861","2861","2861","0.8515999913215637","0.8515999913215637","0.8515999913215637","2861","2861","2861","0.8482999801635742","0.8482999801635742","0.8482999801635742","2861","2861","2861","0.8508999943733215","0.8508999943733215","0.8508999943733215","2861","2861","2861","0.8009999990463257","0.8009999990463257","0.8009999990463257"
"172","2877","2877","2877","0.8521999716758728","0.8521999716758728","0.8521999716758728","2877","2877","2877","0.8485999703407288","0.8485999703407288","0.8485999703407288","2877","2877","2877","0.8529999852180481","0.8529999852180481","0.8529999852180481","2877","2877","2877","0.8030999898910522","0.8030999898910522","0.8030999898910522"
"173","2894","2894","2894","0.8507000207901001","0.8507000207901001","0.8507000207901001","2894","2894","2894","0.8507999777793884","0.8507999777793884","0.8507999777793884","2894","2894","2894","0.8503999710083008","0.8503999710083008","0.8503999710083008","2894","2894","2894","0.8021000027656555","0.8021000027656555","0.8021000027656555"
"174","2911","2911","2911","0.8525000214576721","0.8525000214576721","0.8525000214576721","2911","2911","2911","0.8500999808311462","0.8500999808311462","0.8500999808311462","2911","2911","2911","0.8515999913215637","0.8515999913215637","0.8515999913215637","2911","2911","2911","0.802299976348877","0.802299976348877","0.802299976348877"
"175","2927","2927","2927","0.8501999974250793","0.8501999974250793","0.8501999974250793","2927","2927","2927","0.8503000140190125","0.8503000140190125","0.8503000140190125","2927","2927","2927","0.8514000177383423","0.8514000177383423","0.8514000177383423","2927","2927","2927","0.8025000095367432","0.8025000095367432","0.8025000095367432"
"176","2944","2944","2944","0.8511999845504761","0.8511999845504761","0.8511999845504761","2944","2944","2944","0.8489000201225281","0.8489000201225281","0.8489000201225281","2944","2944","2944","0.8525999784469604","0.8525999784469604","0.8525999784469604","2944","2944","2944","0.8025000095367432","0.8025000095367432","0.8025000095367432"
"177","2960","2960","2960","0.8501999974250793","0.8501999974250793","0.8501999974250793","2960","2960","2960","0.8515999913215637","0.8515999913215637","0.8515999913215637","2960","2960","2960","0.8503999710083008","0.8503999710083008","0.8503999710083008","2960","2960","2960","0.8011999726295471","0.8011999726295471","0.8011999726295471"
"178","2977","2977","2977","0.8515999913215637","0.8515999913215637","0.8515999913215637","2977","2977","2977","0.8500000238418579","0.8500000238418579","0.8500000238418579","2977","2977","2977","0.8513000011444092","0.8513000011444092","0.8513000011444092","2977","2977","2977","0.8026999831199646","0.8026999831199646","0.8026999831199646"
"179","2994","2994","2994","0.8503000140190125","0.8503000140190125","0.8503000140190125","2994","2994","2994","0.8496999740600586","0.8496999740600586","0.8496999740600586","2994","2994","2994","0.8490999937057495","0.8490999937057495","0.8490999937057495","2994","2994","2994","0.8029999732971191","0.8029999732971191","0.8029999732971191"
"180","3010","3010","3010","0.8500000238418579","0.8500000238418579","0.8500000238418579","3010","3010","3010","0.8500000238418579","0.8500000238418579","0.8500000238418579","3010","3010","3010","0.8507999777793884","0.8507999777793884","0.8507999777793884","3010","3010","3010","0.8033000230789185","0.8033000230789185","0.8033000230789185"
"181","3027","3027","3027","0.8515999913215637","0.8515999913215637","0.8515999913215637","3027","3027","3027","0.8499000072479248","0.8499000072479248","0.8499000072479248","3027","3027","3027","0.8511000275611877","0.8511000275611877","0.8511000275611877","3027","3027","3027","0.8032000064849854","0.8032000064849854","0.8032000064849854"
"182","3044","3044","3044","0.8514000177383423","0.8514000177383423","0.8514000177383423","3044","3044","3044","0.8500999808311462","0.8500999808311462","0.8500999808311462","3044","3044","3044","0.8497999906539917","0.8497999906539917","0.8497999906539917","3044","3044","3044","0.8044999837875366","0.8044999837875366","0.8044999837875366"
"183","3060","3060","3060","0.8517000079154968","0.8517000079154968","0.8517000079154968","3060","3060","3060","0.8511999845504761","0.8511999845504761","0.8511999845504761","3060","3060","3060","0.8528000116348267","0.8528000116348267","0.8528000116348267","3060","3060","3060","0.8026000261306763","0.8026000261306763","0.8026000261306763"
"184","3077","3077","3077","0.8518999814987183","0.8518999814987183","0.8518999814987183","3077","3077","3077","0.8479999899864197","0.8479999899864197","0.8479999899864197","3077","3077","3077","0.8503000140190125","0.8503000140190125","0.8503000140190125","3077","3077","3077","0.8009999990463257","0.8009999990463257","0.8009999990463257"
"185","3094","3094","3094","0.8500000238418579","0.8500000238418579","0.8500000238418579","3094","3094","3094","0.8481000065803528","0.8481000065803528","0.8481000065803528","3094","3094","3094","0.8510000109672546","0.8510000109672546","0.8510000109672546","3094","3094","3094","0.8023999929428101","0.8023999929428101","0.8023999929428101"
"186","3110","3110","3110","0.8497999906539917","0.8497999906539917","0.8497999906539917","3110","3110","3110","0.8500999808311462","0.8500999808311462","0.8500999808311462","3110","3110","3110","0.8513000011444092","0.8513000011444092","0.8513000011444092","3110","3110","3110","0.8015000224113464","0.8015000224113464","0.8015000224113464"
"187","3127","3127","3127","0.8503999710083008","0.8503999710083008","0.8503999710083008","3127","3127","3127","0.849399983882904","0.849399983882904","0.849399983882904","3127","3127","3127","0.8511000275611877","0.8511000275611877","0.8511000275611877","3127","3127","3127","0.8026999831199646","0.8026999831199646","0.8026999831199646"
"188","3143","3143","3143","0.8518999814987183","0.8518999814987183","0.8518999814987183","3143","3143","3143","0.8493000268936157","0.8493000268936157","0.8493000268936157","3143","3143","3143","0.8513000011444092","0.8513000011444092","0.8513000011444092","3143","3143","3143","0.801800012588501","0.801800012588501","0.801800012588501"
"189","3160","3160","3160","0.8503999710083008","0.8503999710083008","0.8503999710083008","3160","3160","3160","0.8490999937057495","0.8490999937057495","0.8490999937057495","3160","3160","3160","0.852400004863739","0.852400004863739","0.852400004863739","3160","3160","3160","0.8029000163078308","0.8029000163078308","0.8029000163078308"
"190","3177","3177","3177","0.8503999710083008","0.8503999710083008","0.8503999710083008","3177","3177","3177","0.8508999943733215","0.8508999943733215","0.8508999943733215","3177","3177","3177","0.8510000109672546","0.8510000109672546","0.8510000109672546","3177","3177","3177","0.8023999929428101","0.8023999929428101","0.8023999929428101"
"191","3193","3193","3193","0.8497999906539917","0.8497999906539917","0.8497999906539917","3193","3193","3193","0.8496000170707703","0.8496000170707703","0.8496000170707703","3193","3193","3193","0.8515999913215637","0.8515999913215637","0.8515999913215637","3193","3193","3193","0.8023999929428101","0.8023999929428101","0.8023999929428101"
"192","3210","3210","3210","0.8496999740600586","0.8496999740600586","0.8496999740600586","3210","3210","3210","0.8497999906539917","0.8497999906539917","0.8497999906539917","3210","3210","3210","0.8503000140190125","0.8503000140190125","0.8503000140190125","3210","3210","3210","0.8021000027656555","0.8021000027656555","0.8021000027656555"
"193","3227","3227","3227","0.8511999845504761","0.8511999845504761","0.8511999845504761","3227","3227","3227","0.8492000102996826","0.8492000102996826","0.8492000102996826","3227","3227","3227","0.8517000079154968","0.8517000079154968","0.8517000079154968","3227","3227","3227","0.8019000291824341","0.8019000291824341","0.8019000291824341"
"194","3243","3243","3243","0.8511000275611877","0.8511000275611877","0.8511000275611877","3243","3243","3243","0.8504999876022339","0.8504999876022339","0.8504999876022339","3243","3243","3243","0.8511000275611877","0.8511000275611877","0.8511000275611877","3243","3243","3243","0.8026999831199646","0.8026999831199646","0.8026999831199646"
"195","3260","3260","3260","0.8514999747276306","0.8514999747276306","0.8514999747276306","3260","3260","3260","0.8495000004768372","0.8495000004768372","0.8495000004768372","3260","3260","3260","0.853600025177002","0.853600025177002","0.853600025177002","3260","3260","3260","0.8023999929428101","0.8023999929428101","0.8023999929428101"
"196","3277","3277","3277","0.8504999876022339","0.8504999876022339","0.8504999876022339","3277","3277","3277","0.8486999869346619","0.8486999869346619","0.8486999869346619","3277","3277","3277","0.8514000177383423","0.8514000177383423","0.8514000177383423","3277","3277","3277","0.802299976348877","0.802299976348877","0.802299976348877"
"197","3293","3293","3293","0.8510000109672546","0.8510000109672546","0.8510000109672546","3293","3293","3293","0.8496000170707703","0.8496000170707703","0.8496000170707703","3293","3293","3293","0.8495000004768372","0.8495000004768372","0.8495000004768372","3293","3293","3293","0.802299976348877","0.802299976348877","0.802299976348877"
"198","3310","3310","3310","0.8529999852180481","0.8529999852180481","0.8529999852180481","3310","3310","3310","0.8499000072479248","0.8499000072479248","0.8499000072479248","3310","3310","3310","0.8504999876022339","0.8504999876022339","0.8504999876022339","3310","3310","3310","0.8032000064849854","0.8032000064849854","0.8032000064849854"
"199","3327","3327","3327","0.8515999913215637","0.8515999913215637","0.8515999913215637","3327","3327","3327","0.8504999876022339","0.8504999876022339","0.8504999876022339","3327","3327","3327","0.8532000184059143","0.8532000184059143","0.8532000184059143","3327","3327","3327","0.803600013256073","0.803600013256073","0.803600013256073"