"epoch","LLN-deep-sumlogitsFalse-CNN-ps53-pool22-bnTrue-bneck32_layer_1 - _step","LLN-deep-sumlogitsFalse-CNN-ps53-pool22-bnTrue-bneck32_layer_1 - _step__MIN","LLN-deep-sumlogitsFalse-CNN-ps53-pool22-bnTrue-bneck32_layer_1 - _step__MAX","LLN-deep-sumlogitsFalse-CNN-ps53-pool22-bnTrue-bneck32_layer_1 - validate_no_aug_accuracy/dataloader_idx_1","LLN-deep-sumlogitsFalse-CNN-ps53-pool22-bnTrue-bneck32_layer_1 - validate_no_aug_accuracy/dataloader_idx_1__MIN","LLN-deep-sumlogitsFalse-CNN-ps53-pool22-bnTrue-bneck32_layer_1 - validate_no_aug_accuracy/dataloader_idx_1__MAX","LLN-deep-sumlogitsFalse-CNN-ps53-pool22-bnTrue-bneck32_layer_2 - _step","LLN-deep-sumlogitsFalse-CNN-ps53-pool22-bnTrue-bneck32_layer_2 - _step__MIN","LLN-deep-sumlogitsFalse-CNN-ps53-pool22-bnTrue-bneck32_layer_2 - _step__MAX","LLN-deep-sumlogitsFalse-CNN-ps53-pool22-bnTrue-bneck32_layer_2 - validate_no_aug_accuracy/dataloader_idx_1","LLN-deep-sumlogitsFalse-CNN-ps53-pool22-bnTrue-bneck32_layer_2 - validate_no_aug_accuracy/dataloader_idx_1__MIN","LLN-deep-sumlogitsFalse-CNN-ps53-pool22-bnTrue-bneck32_layer_2 - validate_no_aug_accuracy/dataloader_idx_1__MAX","LLN-deep-sumlogitsFalse-CNN-ps53-pool22-bnTrue-bneck32_layer_3 - _step","LLN-deep-sumlogitsFalse-CNN-ps53-pool22-bnTrue-bneck32_layer_3 - _step__MIN","LLN-deep-sumlogitsFalse-CNN-ps53-pool22-bnTrue-bneck32_layer_3 - _step__MAX","LLN-deep-sumlogitsFalse-CNN-ps53-pool22-bnTrue-bneck32_layer_3 - validate_no_aug_accuracy/dataloader_idx_1","LLN-deep-sumlogitsFalse-CNN-ps53-pool22-bnTrue-bneck32_layer_3 - validate_no_aug_accuracy/dataloader_idx_1__MIN","LLN-deep-sumlogitsFalse-CNN-ps53-pool22-bnTrue-bneck32_layer_3 - validate_no_aug_accuracy/dataloader_idx_1__MAX","LLN-deep-sumlogitsFalse-CNN-ps53-pool22-bnTrue-bneck32_layer_4 - _step","LLN-deep-sumlogitsFalse-CNN-ps53-pool22-bnTrue-bneck32_layer_4 - _step__MIN","LLN-deep-sumlogitsFalse-CNN-ps53-pool22-bnTrue-bneck32_layer_4 - _step__MAX","LLN-deep-sumlogitsFalse-CNN-ps53-pool22-bnTrue-bneck32_layer_4 - validate_no_aug_accuracy/dataloader_idx_1","LLN-deep-sumlogitsFalse-CNN-ps53-pool22-bnTrue-bneck32_layer_4 - validate_no_aug_accuracy/dataloader_idx_1__MIN","LLN-deep-sumlogitsFalse-CNN-ps53-pool22-bnTrue-bneck32_layer_4 - validate_no_aug_accuracy/dataloader_idx_1__MAX"
"0","15","15","15","0.4916999936103821","0.4916999936103821","0.4916999936103821","15","15","15","0.5184999704360962","0.5184999704360962","0.5184999704360962","15","15","15","0.49619999527931213","0.49619999527931213","0.49619999527931213","15","15","15","0.41990000009536743","0.41990000009536743","0.41990000009536743"
"1","32","32","32","0.48739999532699585","0.48739999532699585","0.48739999532699585","32","32","32","0.6272000074386597","0.6272000074386597","0.6272000074386597","32","32","32","0.5695000290870667","0.5695000290870667","0.5695000290870667","32","32","32","0.4950000047683716","0.4950000047683716","0.4950000047683716"
"2","48","48","48","0.5421000123023987","0.5421000123023987","0.5421000123023987","48","48","48","0.6182000041007996","0.6182000041007996","0.6182000041007996","48","48","48","0.6244999766349792","0.6244999766349792","0.6244999766349792","48","48","48","0.5138999819755554","0.5138999819755554","0.5138999819755554"
"3","65","65","65","0.5546000003814697","0.5546000003814697","0.5546000003814697","65","65","65","0.6808000206947327","0.6808000206947327","0.6808000206947327","65","65","65","0.6553000211715698","0.6553000211715698","0.6553000211715698","65","65","65","0.6123999953269958","0.6123999953269958","0.6123999953269958"
"4","82","82","82","0.5776000022888184","0.5776000022888184","0.5776000022888184","82","82","82","0.7211999893188477","0.7211999893188477","0.7211999893188477","82","82","82","0.6859999895095825","0.6859999895095825","0.6859999895095825","82","82","82","0.64410001039505","0.64410001039505","0.64410001039505"
"5","98","98","98","0.5785999894142151","0.5785999894142151","0.5785999894142151","98","98","98","0.7013999819755554","0.7013999819755554","0.7013999819755554","98","98","98","0.6992999911308289","0.6992999911308289","0.6992999911308289","98","98","98","0.6359000205993652","0.6359000205993652","0.6359000205993652"
"6","115","115","115","0.5813999772071838","0.5813999772071838","0.5813999772071838","115","115","115","0.7479000091552734","0.7479000091552734","0.7479000091552734","115","115","115","0.7401999831199646","0.7401999831199646","0.7401999831199646","115","115","115","0.6800000071525574","0.6800000071525574","0.6800000071525574"
"7","132","132","132","0.5824000239372253","0.5824000239372253","0.5824000239372253","132","132","132","0.7631000280380249","0.7631000280380249","0.7631000280380249","132","132","132","0.7739999890327454","0.7739999890327454","0.7739999890327454","132","132","132","0.7268000245094299","0.7268000245094299","0.7268000245094299"
"8","148","148","148","0.603600025177002","0.603600025177002","0.603600025177002","148","148","148","0.7698000073432922","0.7698000073432922","0.7698000073432922","148","148","148","0.775600016117096","0.775600016117096","0.775600016117096","148","148","148","0.7322999835014343","0.7322999835014343","0.7322999835014343"
"9","165","165","165","0.6151000261306763","0.6151000261306763","0.6151000261306763","165","165","165","0.7631999850273132","0.7631999850273132","0.7631999850273132","165","165","165","0.7825000286102295","0.7825000286102295","0.7825000286102295","165","165","165","0.742900013923645","0.742900013923645","0.742900013923645"
"10","182","182","182","0.6183000206947327","0.6183000206947327","0.6183000206947327","182","182","182","0.7825999855995178","0.7825999855995178","0.7825999855995178","182","182","182","0.7803999781608582","0.7803999781608582","0.7803999781608582","182","182","182","0.7784000039100647","0.7784000039100647","0.7784000039100647"
"11","198","198","198","0.6291999816894531","0.6291999816894531","0.6291999816894531","198","198","198","0.7813000082969666","0.7813000082969666","0.7813000082969666","198","198","198","0.8090000152587891","0.8090000152587891","0.8090000152587891","198","198","198","0.7616000175476074","0.7616000175476074","0.7616000175476074"
"12","215","215","215","0.6298999786376953","0.6298999786376953","0.6298999786376953","215","215","215","0.8016999959945679","0.8016999959945679","0.8016999959945679","215","215","215","0.8029999732971191","0.8029999732971191","0.8029999732971191","215","215","215","0.7727000117301941","0.7727000117301941","0.7727000117301941"
"13","231","231","231","0.6140999794006348","0.6140999794006348","0.6140999794006348","231","231","231","0.8022000193595886","0.8022000193595886","0.8022000193595886","231","231","231","0.8162999749183655","0.8162999749183655","0.8162999749183655","231","231","231","0.7904999852180481","0.7904999852180481","0.7904999852180481"
"14","248","248","248","0.6463000178337097","0.6463000178337097","0.6463000178337097","248","248","248","0.796999990940094","0.796999990940094","0.796999990940094","248","248","248","0.8216999769210815","0.8216999769210815","0.8216999769210815","248","248","248","0.7983999848365784","0.7983999848365784","0.7983999848365784"
"15","265","265","265","0.632099986076355","0.632099986076355","0.632099986076355","265","265","265","0.8055999875068665","0.8055999875068665","0.8055999875068665","265","265","265","0.8299000263214111","0.8299000263214111","0.8299000263214111","265","265","265","0.8170999884605408","0.8170999884605408","0.8170999884605408"
"16","281","281","281","0.6430000066757202","0.6430000066757202","0.6430000066757202","281","281","281","0.8079000115394592","0.8079000115394592","0.8079000115394592","281","281","281","0.8252000212669373","0.8252000212669373","0.8252000212669373","281","281","281","0.7979000210762024","0.7979000210762024","0.7979000210762024"
"17","298","298","298","0.6488999724388123","0.6488999724388123","0.6488999724388123","298","298","298","0.8140000104904175","0.8140000104904175","0.8140000104904175","298","298","298","0.8248999714851379","0.8248999714851379","0.8248999714851379","298","298","298","0.8255000114440918","0.8255000114440918","0.8255000114440918"
"18","315","315","315","0.6334999799728394","0.6334999799728394","0.6334999799728394","315","315","315","0.8188999891281128","0.8188999891281128","0.8188999891281128","315","315","315","0.8270000219345093","0.8270000219345093","0.8270000219345093","315","315","315","0.8222000002861023","0.8222000002861023","0.8222000002861023"
"19","331","331","331","0.6459000110626221","0.6459000110626221","0.6459000110626221","331","331","331","0.8098999857902527","0.8098999857902527","0.8098999857902527","331","331","331","0.8399999737739563","0.8399999737739563","0.8399999737739563","331","331","331","0.8295999765396118","0.8295999765396118","0.8295999765396118"
"20","348","348","348","0.6363999843597412","0.6363999843597412","0.6363999843597412","348","348","348","0.8245999813079834","0.8245999813079834","0.8245999813079834","348","348","348","0.8445000052452087","0.8445000052452087","0.8445000052452087","348","348","348","0.8202999830245972","0.8202999830245972","0.8202999830245972"
"21","365","365","365","0.636900007724762","0.636900007724762","0.636900007724762","365","365","365","0.8234999775886536","0.8234999775886536","0.8234999775886536","365","365","365","0.8440999984741211","0.8440999984741211","0.8440999984741211","365","365","365","0.8285999894142151","0.8285999894142151","0.8285999894142151"
"22","381","381","381","0.6585000157356262","0.6585000157356262","0.6585000157356262","381","381","381","0.807699978351593","0.807699978351593","0.807699978351593","381","381","381","0.8342999815940857","0.8342999815940857","0.8342999815940857","381","381","381","0.8295999765396118","0.8295999765396118","0.8295999765396118"
"23","398","398","398","0.6779999732971191","0.6779999732971191","0.6779999732971191","398","398","398","0.8212000131607056","0.8212000131607056","0.8212000131607056","398","398","398","0.8482000231742859","0.8482000231742859","0.8482000231742859","398","398","398","0.8439000248908997","0.8439000248908997","0.8439000248908997"
"24","415","415","415","0.676800012588501","0.676800012588501","0.676800012588501","415","415","415","0.8230000138282776","0.8230000138282776","0.8230000138282776","415","415","415","0.8335000276565552","0.8335000276565552","0.8335000276565552","415","415","415","0.849399983882904","0.849399983882904","0.849399983882904"
"25","431","431","431","0.6776000261306763","0.6776000261306763","0.6776000261306763","431","431","431","0.8263999819755554","0.8263999819755554","0.8263999819755554","431","431","431","0.8421000242233276","0.8421000242233276","0.8421000242233276","431","431","431","0.8432999849319458","0.8432999849319458","0.8432999849319458"
"26","448","448","448","0.6523000001907349","0.6523000001907349","0.6523000001907349","448","448","448","0.8240000009536743","0.8240000009536743","0.8240000009536743","448","448","448","0.8597000241279602","0.8597000241279602","0.8597000241279602","448","448","448","0.8425999879837036","0.8425999879837036","0.8425999879837036"
"27","464","464","464","0.6833000183105469","0.6833000183105469","0.6833000183105469","464","464","464","0.8296999931335449","0.8296999931335449","0.8296999931335449","464","464","464","0.8517000079154968","0.8517000079154968","0.8517000079154968","464","464","464","0.8531000018119812","0.8531000018119812","0.8531000018119812"
"28","481","481","481","0.6765999794006348","0.6765999794006348","0.6765999794006348","481","481","481","0.8325999975204468","0.8325999975204468","0.8325999975204468","481","481","481","0.8521999716758728","0.8521999716758728","0.8521999716758728","481","481","481","0.8468000292778015","0.8468000292778015","0.8468000292778015"
"29","498","498","498","0.6801000237464905","0.6801000237464905","0.6801000237464905","498","498","498","0.8342999815940857","0.8342999815940857","0.8342999815940857","498","498","498","0.8418999910354614","0.8418999910354614","0.8418999910354614","498","498","498","0.8479999899864197","0.8479999899864197","0.8479999899864197"
"30","514","514","514","0.6777999997138977","0.6777999997138977","0.6777999997138977","514","514","514","0.8371999859809875","0.8371999859809875","0.8371999859809875","514","514","514","0.8454999923706055","0.8454999923706055","0.8454999923706055","514","514","514","0.8361999988555908","0.8361999988555908","0.8361999988555908"
"31","531","531","531","0.6747000217437744","0.6747000217437744","0.6747000217437744","531","531","531","0.8345999717712402","0.8345999717712402","0.8345999717712402","531","531","531","0.8579999804496765","0.8579999804496765","0.8579999804496765","531","531","531","0.8567000031471252","0.8567000031471252","0.8567000031471252"
"32","548","548","548","0.6862000226974487","0.6862000226974487","0.6862000226974487","548","548","548","0.8296999931335449","0.8296999931335449","0.8296999931335449","548","548","548","0.8529999852180481","0.8529999852180481","0.8529999852180481","548","548","548","0.8504999876022339","0.8504999876022339","0.8504999876022339"
"33","564","564","564","0.6880999803543091","0.6880999803543091","0.6880999803543091","564","564","564","0.8379999995231628","0.8379999995231628","0.8379999995231628","564","564","564","0.8575000166893005","0.8575000166893005","0.8575000166893005","564","564","564","0.8561000227928162","0.8561000227928162","0.8561000227928162"
"34","581","581","581","0.7017999887466431","0.7017999887466431","0.7017999887466431","581","581","581","0.8321999907493591","0.8321999907493591","0.8321999907493591","581","581","581","0.8522999882698059","0.8522999882698059","0.8522999882698059","581","581","581","0.8597999811172485","0.8597999811172485","0.8597999811172485"
"35","598","598","598","0.6880000233650208","0.6880000233650208","0.6880000233650208","598","598","598","0.8417999744415283","0.8417999744415283","0.8417999744415283","598","598","598","0.8550000190734863","0.8550000190734863","0.8550000190734863","598","598","598","0.8438000082969666","0.8438000082969666","0.8438000082969666"
"36","614","614","614","0.6966999769210815","0.6966999769210815","0.6966999769210815","614","614","614","0.8464000225067139","0.8464000225067139","0.8464000225067139","614","614","614","0.8546000123023987","0.8546000123023987","0.8546000123023987","614","614","614","0.855400025844574","0.855400025844574","0.855400025844574"
"37","631","631","631","0.6934000253677368","0.6934000253677368","0.6934000253677368","631","631","631","0.8393999934196472","0.8393999934196472","0.8393999934196472","631","631","631","0.8611000180244446","0.8611000180244446","0.8611000180244446","631","631","631","0.8525000214576721","0.8525000214576721","0.8525000214576721"
"38","647","647","647","0.6935999989509583","0.6935999989509583","0.6935999989509583","647","647","647","0.8370000123977661","0.8370000123977661","0.8370000123977661","647","647","647","0.8557999730110168","0.8557999730110168","0.8557999730110168","647","647","647","0.866599977016449","0.866599977016449","0.866599977016449"
"39","664","664","664","0.6873000264167786","0.6873000264167786","0.6873000264167786","664","664","664","0.8277000188827515","0.8277000188827515","0.8277000188827515","664","664","664","0.8600000143051147","0.8600000143051147","0.8600000143051147","664","664","664","0.854200005531311","0.854200005531311","0.854200005531311"
"40","681","681","681","0.6891999840736389","0.6891999840736389","0.6891999840736389","681","681","681","0.8467000126838684","0.8467000126838684","0.8467000126838684","681","681","681","0.8589000105857849","0.8589000105857849","0.8589000105857849","681","681","681","0.8654999732971191","0.8654999732971191","0.8654999732971191"
"41","697","697","697","0.6952000260353088","0.6952000260353088","0.6952000260353088","697","697","697","0.8438000082969666","0.8438000082969666","0.8438000082969666","697","697","697","0.8666999936103821","0.8666999936103821","0.8666999936103821","697","697","697","0.8616999983787537","0.8616999983787537","0.8616999983787537"
"42","714","714","714","0.6952999830245972","0.6952999830245972","0.6952999830245972","714","714","714","0.8422999978065491","0.8422999978065491","0.8422999978065491","714","714","714","0.859000027179718","0.859000027179718","0.859000027179718","714","714","714","0.8608999848365784","0.8608999848365784","0.8608999848365784"
"43","731","731","731","0.7067000269889832","0.7067000269889832","0.7067000269889832","731","731","731","0.8453999757766724","0.8453999757766724","0.8453999757766724","731","731","731","0.8658000230789185","0.8658000230789185","0.8658000230789185","731","731","731","0.8673999905586243","0.8673999905586243","0.8673999905586243"
"44","747","747","747","0.7014999985694885","0.7014999985694885","0.7014999985694885","747","747","747","0.8420000076293945","0.8420000076293945","0.8420000076293945","747","747","747","0.8672999739646912","0.8672999739646912","0.8672999739646912","747","747","747","0.8564000129699707","0.8564000129699707","0.8564000129699707"
"45","764","764","764","0.6902999877929688","0.6902999877929688","0.6902999877929688","764","764","764","0.8457000255584717","0.8457000255584717","0.8457000255584717","764","764","764","0.8614000082015991","0.8614000082015991","0.8614000082015991","764","764","764","0.8658999800682068","0.8658999800682068","0.8658999800682068"
"46","781","781","781","0.7113999724388123","0.7113999724388123","0.7113999724388123","781","781","781","0.8485999703407288","0.8485999703407288","0.8485999703407288","781","781","781","0.8707000017166138","0.8707000017166138","0.8707000017166138","781","781","781","0.8654000163078308","0.8654000163078308","0.8654000163078308"
"47","797","797","797","0.6933000087738037","0.6933000087738037","0.6933000087738037","797","797","797","0.824400007724762","0.824400007724762","0.824400007724762","797","797","797","0.8686000108718872","0.8686000108718872","0.8686000108718872","797","797","797","0.8587999939918518","0.8587999939918518","0.8587999939918518"
"48","814","814","814","0.6972000002861023","0.6972000002861023","0.6972000002861023","814","814","814","0.8420000076293945","0.8420000076293945","0.8420000076293945","814","814","814","0.8658000230789185","0.8658000230789185","0.8658000230789185","814","814","814","0.8539999723434448","0.8539999723434448","0.8539999723434448"
"49","831","831","831","0.7102000117301941","0.7102000117301941","0.7102000117301941","831","831","831","0.8485999703407288","0.8485999703407288","0.8485999703407288","831","831","831","0.859499990940094","0.859499990940094","0.859499990940094","831","831","831","0.8647000193595886","0.8647000193595886","0.8647000193595886"
"50","847","847","847","0.6850000023841858","0.6850000023841858","0.6850000023841858","847","847","847","0.8331000208854675","0.8331000208854675","0.8331000208854675","847","847","847","0.8575999736785889","0.8575999736785889","0.8575999736785889","847","847","847","0.8664000034332275","0.8664000034332275","0.8664000034332275"
"51","864","864","864","0.7032999992370605","0.7032999992370605","0.7032999992370605","864","864","864","0.845300018787384","0.845300018787384","0.845300018787384","864","864","864","0.8694999814033508","0.8694999814033508","0.8694999814033508","864","864","864","0.8701000213623047","0.8701000213623047","0.8701000213623047"
"52","880","880","880","0.7184000015258789","0.7184000015258789","0.7184000015258789","880","880","880","0.8507999777793884","0.8507999777793884","0.8507999777793884","880","880","880","0.8458999991416931","0.8458999991416931","0.8458999991416931","880","880","880","0.8672999739646912","0.8672999739646912","0.8672999739646912"
"53","897","897","897","0.7150999903678894","0.7150999903678894","0.7150999903678894","897","897","897","0.8375999927520752","0.8375999927520752","0.8375999927520752","897","897","897","0.8492000102996826","0.8492000102996826","0.8492000102996826","897","897","897","0.8621000051498413","0.8621000051498413","0.8621000051498413"
"54","914","914","914","0.7184000015258789","0.7184000015258789","0.7184000015258789","914","914","914","0.8482999801635742","0.8482999801635742","0.8482999801635742","914","914","914","0.869700014591217","0.869700014591217","0.869700014591217","914","914","914","0.8618000149726868","0.8618000149726868","0.8618000149726868"
"55","930","930","930","0.7190999984741211","0.7190999984741211","0.7190999984741211","930","930","930","0.8514999747276306","0.8514999747276306","0.8514999747276306","930","930","930","0.8709999918937683","0.8709999918937683","0.8709999918937683","930","930","930","0.8644999861717224","0.8644999861717224","0.8644999861717224"
"56","947","947","947","0.7242000102996826","0.7242000102996826","0.7242000102996826","947","947","947","0.8529000282287598","0.8529000282287598","0.8529000282287598","947","947","947","0.8762999773025513","0.8762999773025513","0.8762999773025513","947","947","947","0.8701000213623047","0.8701000213623047","0.8701000213623047"
"57","964","964","964","0.722599983215332","0.722599983215332","0.722599983215332","964","964","964","0.8504999876022339","0.8504999876022339","0.8504999876022339","964","964","964","0.8605999946594238","0.8605999946594238","0.8605999946594238","964","964","964","0.8640999794006348","0.8640999794006348","0.8640999794006348"
"58","980","980","980","0.7099999785423279","0.7099999785423279","0.7099999785423279","980","980","980","0.8526999950408936","0.8526999950408936","0.8526999950408936","980","980","980","0.8702999949455261","0.8702999949455261","0.8702999949455261","980","980","980","0.8619999885559082","0.8619999885559082","0.8619999885559082"
"59","997","997","997","0.720300018787384","0.720300018787384","0.720300018787384","997","997","997","0.84170001745224","0.84170001745224","0.84170001745224","997","997","997","0.8669000267982483","0.8669000267982483","0.8669000267982483","997","997","997","0.8751000165939331","0.8751000165939331","0.8751000165939331"
"60","1014","1014","1014","0.7235000133514404","0.7235000133514404","0.7235000133514404","1014","1014","1014","0.8485999703407288","0.8485999703407288","0.8485999703407288","1014","1014","1014","0.8648999929428101","0.8648999929428101","0.8648999929428101","1014","1014","1014","0.8618999719619751","0.8618999719619751","0.8618999719619751"
"61","1030","1030","1030","0.711899995803833","0.711899995803833","0.711899995803833","1030","1030","1030","0.8522999882698059","0.8522999882698059","0.8522999882698059","1030","1030","1030","0.8590999841690063","0.8590999841690063","0.8590999841690063","1030","1030","1030","0.8515999913215637","0.8515999913215637","0.8515999913215637"
"62","1047","1047","1047","0.7123000025749207","0.7123000025749207","0.7123000025749207","1047","1047","1047","0.8422999978065491","0.8422999978065491","0.8422999978065491","1047","1047","1047","0.8747000098228455","0.8747000098228455","0.8747000098228455","1047","1047","1047","0.8550000190734863","0.8550000190734863","0.8550000190734863"
"63","1063","1063","1063","0.7253000140190125","0.7253000140190125","0.7253000140190125","1063","1063","1063","0.840399980545044","0.840399980545044","0.840399980545044","1063","1063","1063","0.8702999949455261","0.8702999949455261","0.8702999949455261","1063","1063","1063","0.8712000250816345","0.8712000250816345","0.8712000250816345"
"64","1080","1080","1080","0.728600025177002","0.728600025177002","0.728600025177002","1080","1080","1080","0.8514999747276306","0.8514999747276306","0.8514999747276306","1080","1080","1080","0.8618000149726868","0.8618000149726868","0.8618000149726868","1080","1080","1080","0.8682000041007996","0.8682000041007996","0.8682000041007996"
"65","1097","1097","1097","0.7211999893188477","0.7211999893188477","0.7211999893188477","1097","1097","1097","0.8476999998092651","0.8476999998092651","0.8476999998092651","1097","1097","1097","0.8646000027656555","0.8646000027656555","0.8646000027656555","1097","1097","1097","0.8671000003814697","0.8671000003814697","0.8671000003814697"
"66","1113","1113","1113","0.7178000211715698","0.7178000211715698","0.7178000211715698","1113","1113","1113","0.8486999869346619","0.8486999869346619","0.8486999869346619","1113","1113","1113","0.8690999746322632","0.8690999746322632","0.8690999746322632","1113","1113","1113","0.8680999875068665","0.8680999875068665","0.8680999875068665"
"67","1130","1130","1130","0.7360000014305115","0.7360000014305115","0.7360000014305115","1130","1130","1130","0.8550999760627747","0.8550999760627747","0.8550999760627747","1130","1130","1130","0.8644000291824341","0.8644000291824341","0.8644000291824341","1130","1130","1130","0.867900013923645","0.867900013923645","0.867900013923645"
"68","1147","1147","1147","0.7400000095367432","0.7400000095367432","0.7400000095367432","1147","1147","1147","0.8561000227928162","0.8561000227928162","0.8561000227928162","1147","1147","1147","0.8689000010490417","0.8689000010490417","0.8689000010490417","1147","1147","1147","0.859499990940094","0.859499990940094","0.859499990940094"
"69","1163","1163","1163","0.7376999855041504","0.7376999855041504","0.7376999855041504","1163","1163","1163","0.8463000059127808","0.8463000059127808","0.8463000059127808","1163","1163","1163","0.8715000152587891","0.8715000152587891","0.8715000152587891","1163","1163","1163","0.8766000270843506","0.8766000270843506","0.8766000270843506"
"70","1180","1180","1180","0.7394000291824341","0.7394000291824341","0.7394000291824341","1180","1180","1180","0.8515999913215637","0.8515999913215637","0.8515999913215637","1180","1180","1180","0.8694000244140625","0.8694000244140625","0.8694000244140625","1180","1180","1180","0.8693000078201294","0.8693000078201294","0.8693000078201294"
"71","1197","1197","1197","0.7350000143051147","0.7350000143051147","0.7350000143051147","1197","1197","1197","0.8499000072479248","0.8499000072479248","0.8499000072479248","1197","1197","1197","0.8723000288009644","0.8723000288009644","0.8723000288009644","1197","1197","1197","0.866599977016449","0.866599977016449","0.866599977016449"
"72","1213","1213","1213","0.7239000201225281","0.7239000201225281","0.7239000201225281","1213","1213","1213","0.8514000177383423","0.8514000177383423","0.8514000177383423","1213","1213","1213","0.8690000176429749","0.8690000176429749","0.8690000176429749","1213","1213","1213","0.871399998664856","0.871399998664856","0.871399998664856"
"73","1230","1230","1230","0.7405999898910522","0.7405999898910522","0.7405999898910522","1230","1230","1230","0.8497999906539917","0.8497999906539917","0.8497999906539917","1230","1230","1230","0.8671000003814697","0.8671000003814697","0.8671000003814697","1230","1230","1230","0.8702999949455261","0.8702999949455261","0.8702999949455261"
"74","1247","1247","1247","0.7318999767303467","0.7318999767303467","0.7318999767303467","1247","1247","1247","0.8349000215530396","0.8349000215530396","0.8349000215530396","1247","1247","1247","0.8722000122070312","0.8722000122070312","0.8722000122070312","1247","1247","1247","0.8704000115394592","0.8704000115394592","0.8704000115394592"
"75","1263","1263","1263","0.7318000197410583","0.7318000197410583","0.7318000197410583","1263","1263","1263","0.8569999933242798","0.8569999933242798","0.8569999933242798","1263","1263","1263","0.8661999702453613","0.8661999702453613","0.8661999702453613","1263","1263","1263","0.869700014591217","0.869700014591217","0.869700014591217"
"76","1280","1280","1280","0.7354000210762024","0.7354000210762024","0.7354000210762024","1280","1280","1280","0.8461999893188477","0.8461999893188477","0.8461999893188477","1280","1280","1280","0.8693000078201294","0.8693000078201294","0.8693000078201294","1280","1280","1280","0.8701000213623047","0.8701000213623047","0.8701000213623047"
"77","1296","1296","1296","0.7265999913215637","0.7265999913215637","0.7265999913215637","1296","1296","1296","0.8456000089645386","0.8456000089645386","0.8456000089645386","1296","1296","1296","0.8806999921798706","0.8806999921798706","0.8806999921798706","1296","1296","1296","0.8665000200271606","0.8665000200271606","0.8665000200271606"
"78","1313","1313","1313","0.7416999936103821","0.7416999936103821","0.7416999936103821","1313","1313","1313","0.8539000153541565","0.8539000153541565","0.8539000153541565","1313","1313","1313","0.8672000169754028","0.8672000169754028","0.8672000169754028","1313","1313","1313","0.8675000071525574","0.8675000071525574","0.8675000071525574"
"79","1330","1330","1330","0.7429999709129333","0.7429999709129333","0.7429999709129333","1330","1330","1330","0.8521000146865845","0.8521000146865845","0.8521000146865845","1330","1330","1330","0.8712000250816345","0.8712000250816345","0.8712000250816345","1330","1330","1330","0.8622999787330627","0.8622999787330627","0.8622999787330627"
"80","1346","1346","1346","0.7287999987602234","0.7287999987602234","0.7287999987602234","1346","1346","1346","0.838100016117096","0.838100016117096","0.838100016117096","1346","1346","1346","0.8648999929428101","0.8648999929428101","0.8648999929428101","1346","1346","1346","0.8632000088691711","0.8632000088691711","0.8632000088691711"
"81","1363","1363","1363","0.7397000193595886","0.7397000193595886","0.7397000193595886","1363","1363","1363","0.8531000018119812","0.8531000018119812","0.8531000018119812","1363","1363","1363","0.8687999844551086","0.8687999844551086","0.8687999844551086","1363","1363","1363","0.8694000244140625","0.8694000244140625","0.8694000244140625"
"82","1380","1380","1380","0.7361999750137329","0.7361999750137329","0.7361999750137329","1380","1380","1380","0.8532999753952026","0.8532999753952026","0.8532999753952026","1380","1380","1380","0.8658999800682068","0.8658999800682068","0.8658999800682068","1380","1380","1380","0.863099992275238","0.863099992275238","0.863099992275238"
"83","1396","1396","1396","0.728600025177002","0.728600025177002","0.728600025177002","1396","1396","1396","0.8486999869346619","0.8486999869346619","0.8486999869346619","1396","1396","1396","0.8737999796867371","0.8737999796867371","0.8737999796867371","1396","1396","1396","0.8683000206947327","0.8683000206947327","0.8683000206947327"
"84","1413","1413","1413","0.7382000088691711","0.7382000088691711","0.7382000088691711","1413","1413","1413","0.8428999781608582","0.8428999781608582","0.8428999781608582","1413","1413","1413","0.8784000277519226","0.8784000277519226","0.8784000277519226","1413","1413","1413","0.8672999739646912","0.8672999739646912","0.8672999739646912"
"85","1430","1430","1430","0.7469000220298767","0.7469000220298767","0.7469000220298767","1430","1430","1430","0.8442999720573425","0.8442999720573425","0.8442999720573425","1430","1430","1430","0.8738999962806702","0.8738999962806702","0.8738999962806702","1430","1430","1430","0.8644999861717224","0.8644999861717224","0.8644999861717224"
"86","1446","1446","1446","0.7283999919891357","0.7283999919891357","0.7283999919891357","1446","1446","1446","0.8446999788284302","0.8446999788284302","0.8446999788284302","1446","1446","1446","0.8763999938964844","0.8763999938964844","0.8763999938964844","1446","1446","1446","0.8675000071525574","0.8675000071525574","0.8675000071525574"
"87","1463","1463","1463","0.7337999939918518","0.7337999939918518","0.7337999939918518","1463","1463","1463","0.8490999937057495","0.8490999937057495","0.8490999937057495","1463","1463","1463","0.8762000203132629","0.8762000203132629","0.8762000203132629","1463","1463","1463","0.8640000224113464","0.8640000224113464","0.8640000224113464"
"88","1479","1479","1479","0.7335000038146973","0.7335000038146973","0.7335000038146973","1479","1479","1479","0.8485999703407288","0.8485999703407288","0.8485999703407288","1479","1479","1479","0.869700014591217","0.869700014591217","0.869700014591217","1479","1479","1479","0.8583999872207642","0.8583999872207642","0.8583999872207642"
"89","1496","1496","1496","0.7422999739646912","0.7422999739646912","0.7422999739646912","1496","1496","1496","0.8532000184059143","0.8532000184059143","0.8532000184059143","1496","1496","1496","0.8676999807357788","0.8676999807357788","0.8676999807357788","1496","1496","1496","0.8701000213623047","0.8701000213623047","0.8701000213623047"
"90","1513","1513","1513","0.7397000193595886","0.7397000193595886","0.7397000193595886","1513","1513","1513","0.8454999923706055","0.8454999923706055","0.8454999923706055","1513","1513","1513","0.8712999820709229","0.8712999820709229","0.8712999820709229","1513","1513","1513","0.8641999959945679","0.8641999959945679","0.8641999959945679"
"91","1529","1529","1529","0.745199978351593","0.745199978351593","0.745199978351593","1529","1529","1529","0.8513000011444092","0.8513000011444092","0.8513000011444092","1529","1529","1529","0.8720999956130981","0.8720999956130981","0.8720999956130981","1529","1529","1529","0.8673999905586243","0.8673999905586243","0.8673999905586243"
"92","1546","1546","1546","0.748199999332428","0.748199999332428","0.748199999332428","1546","1546","1546","0.847599983215332","0.847599983215332","0.847599983215332","1546","1546","1546","0.8744999766349792","0.8744999766349792","0.8744999766349792","1546","1546","1546","0.8707000017166138","0.8707000017166138","0.8707000017166138"
"93","1563","1563","1563","0.743399977684021","0.743399977684021","0.743399977684021","1563","1563","1563","0.8503000140190125","0.8503000140190125","0.8503000140190125","1563","1563","1563","0.8766000270843506","0.8766000270843506","0.8766000270843506","1563","1563","1563","0.8697999715805054","0.8697999715805054","0.8697999715805054"
"94","1579","1579","1579","0.7498000264167786","0.7498000264167786","0.7498000264167786","1579","1579","1579","0.8495000004768372","0.8495000004768372","0.8495000004768372","1579","1579","1579","0.8773000240325928","0.8773000240325928","0.8773000240325928","1579","1579","1579","0.8665000200271606","0.8665000200271606","0.8665000200271606"
"95","1596","1596","1596","0.7476999759674072","0.7476999759674072","0.7476999759674072","1596","1596","1596","0.854200005531311","0.854200005531311","0.854200005531311","1596","1596","1596","0.8707000017166138","0.8707000017166138","0.8707000017166138","1596","1596","1596","0.870199978351593","0.870199978351593","0.870199978351593"
"96","1613","1613","1613","0.7279999852180481","0.7279999852180481","0.7279999852180481","1613","1613","1613","0.8582000136375427","0.8582000136375427","0.8582000136375427","1613","1613","1613","0.870199978351593","0.870199978351593","0.870199978351593","1613","1613","1613","0.86080002784729","0.86080002784729","0.86080002784729"
"97","1629","1629","1629","0.730400025844574","0.730400025844574","0.730400025844574","1629","1629","1629","0.8460000157356262","0.8460000157356262","0.8460000157356262","1629","1629","1629","0.8715999722480774","0.8715999722480774","0.8715999722480774","1629","1629","1629","0.8619999885559082","0.8619999885559082","0.8619999885559082"
"98","1646","1646","1646","0.7372000217437744","0.7372000217437744","0.7372000217437744","1646","1646","1646","0.8508999943733215","0.8508999943733215","0.8508999943733215","1646","1646","1646","0.8758000135421753","0.8758000135421753","0.8758000135421753","1646","1646","1646","0.8705999851226807","0.8705999851226807","0.8705999851226807"
"99","1663","1663","1663","0.7203999757766724","0.7203999757766724","0.7203999757766724","1663","1663","1663","0.8532000184059143","0.8532000184059143","0.8532000184059143","1663","1663","1663","0.8711000084877014","0.8711000084877014","0.8711000084877014","1663","1663","1663","0.8673999905586243","0.8673999905586243","0.8673999905586243"
"100","1679","1679","1679","0.7746000289916992","0.7746000289916992","0.7746000289916992","1679","1679","1679","0.8718000054359436","0.8718000054359436","0.8718000054359436","1679","1679","1679","0.8889999985694885","0.8889999985694885","0.8889999985694885","1679","1679","1679","0.8863000273704529","0.8863000273704529","0.8863000273704529"
"101","1696","1696","1696","0.7756999731063843","0.7756999731063843","0.7756999731063843","1696","1696","1696","0.8707000017166138","0.8707000017166138","0.8707000017166138","1696","1696","1696","0.8906999826431274","0.8906999826431274","0.8906999826431274","1696","1696","1696","0.887499988079071","0.887499988079071","0.887499988079071"
"102","1712","1712","1712","0.7738999724388123","0.7738999724388123","0.7738999724388123","1712","1712","1712","0.871999979019165","0.871999979019165","0.871999979019165","1712","1712","1712","0.8919000029563904","0.8919000029563904","0.8919000029563904","1712","1712","1712","0.8871999979019165","0.8871999979019165","0.8871999979019165"
"103","1729","1729","1729","0.7803000211715698","0.7803000211715698","0.7803000211715698","1729","1729","1729","0.8712000250816345","0.8712000250816345","0.8712000250816345","1729","1729","1729","0.8910999894142151","0.8910999894142151","0.8910999894142151","1729","1729","1729","0.88919997215271","0.88919997215271","0.88919997215271"
"104","1746","1746","1746","0.7768999934196472","0.7768999934196472","0.7768999934196472","1746","1746","1746","0.8745999932289124","0.8745999932289124","0.8745999932289124","1746","1746","1746","0.8920999765396118","0.8920999765396118","0.8920999765396118","1746","1746","1746","0.8901000022888184","0.8901000022888184","0.8901000022888184"
"105","1762","1762","1762","0.7789999842643738","0.7789999842643738","0.7789999842643738","1762","1762","1762","0.8748000264167786","0.8748000264167786","0.8748000264167786","1762","1762","1762","0.8920000195503235","0.8920000195503235","0.8920000195503235","1762","1762","1762","0.8916000127792358","0.8916000127792358","0.8916000127792358"
"106","1779","1779","1779","0.7793999910354614","0.7793999910354614","0.7793999910354614","1779","1779","1779","0.8738999962806702","0.8738999962806702","0.8738999962806702","1779","1779","1779","0.8935999870300293","0.8935999870300293","0.8935999870300293","1779","1779","1779","0.8902999758720398","0.8902999758720398","0.8902999758720398"
"107","1796","1796","1796","0.7791000008583069","0.7791000008583069","0.7791000008583069","1796","1796","1796","0.8744000196456909","0.8744000196456909","0.8744000196456909","1796","1796","1796","0.8932999968528748","0.8932999968528748","0.8932999968528748","1796","1796","1796","0.890999972820282","0.890999972820282","0.890999972820282"
"108","1812","1812","1812","0.784500002861023","0.784500002861023","0.784500002861023","1812","1812","1812","0.8765000104904175","0.8765000104904175","0.8765000104904175","1812","1812","1812","0.8939999938011169","0.8939999938011169","0.8939999938011169","1812","1812","1812","0.890999972820282","0.890999972820282","0.890999972820282"
"109","1829","1829","1829","0.7829999923706055","0.7829999923706055","0.7829999923706055","1829","1829","1829","0.8729000091552734","0.8729000091552734","0.8729000091552734","1829","1829","1829","0.8934000134468079","0.8934000134468079","0.8934000134468079","1829","1829","1829","0.8909000158309937","0.8909000158309937","0.8909000158309937"
"110","1846","1846","1846","0.7815999984741211","0.7815999984741211","0.7815999984741211","1846","1846","1846","0.8737999796867371","0.8737999796867371","0.8737999796867371","1846","1846","1846","0.8939999938011169","0.8939999938011169","0.8939999938011169","1846","1846","1846","0.890999972820282","0.890999972820282","0.890999972820282"
"111","1862","1862","1862","0.7831000089645386","0.7831000089645386","0.7831000089645386","1862","1862","1862","0.8737000226974487","0.8737000226974487","0.8737000226974487","1862","1862","1862","0.8934000134468079","0.8934000134468079","0.8934000134468079","1862","1862","1862","0.88919997215271","0.88919997215271","0.88919997215271"
"112","1879","1879","1879","0.781499981880188","0.781499981880188","0.781499981880188","1879","1879","1879","0.8762999773025513","0.8762999773025513","0.8762999773025513","1879","1879","1879","0.8942000269889832","0.8942000269889832","0.8942000269889832","1879","1879","1879","0.8901000022888184","0.8901000022888184","0.8901000022888184"
"113","1895","1895","1895","0.7875000238418579","0.7875000238418579","0.7875000238418579","1895","1895","1895","0.8762999773025513","0.8762999773025513","0.8762999773025513","1895","1895","1895","0.894599974155426","0.894599974155426","0.894599974155426","1895","1895","1895","0.890500009059906","0.890500009059906","0.890500009059906"
"114","1912","1912","1912","0.7821999788284302","0.7821999788284302","0.7821999788284302","1912","1912","1912","0.8754000067710876","0.8754000067710876","0.8754000067710876","1912","1912","1912","0.8942000269889832","0.8942000269889832","0.8942000269889832","1912","1912","1912","0.8903999924659729","0.8903999924659729","0.8903999924659729"
"115","1929","1929","1929","0.7843999862670898","0.7843999862670898","0.7843999862670898","1929","1929","1929","0.8733999729156494","0.8733999729156494","0.8733999729156494","1929","1929","1929","0.8945000171661377","0.8945000171661377","0.8945000171661377","1929","1929","1929","0.8899000287055969","0.8899000287055969","0.8899000287055969"
"116","1945","1945","1945","0.7856000065803528","0.7856000065803528","0.7856000065803528","1945","1945","1945","0.8758000135421753","0.8758000135421753","0.8758000135421753","1945","1945","1945","0.894599974155426","0.894599974155426","0.894599974155426","1945","1945","1945","0.8889999985694885","0.8889999985694885","0.8889999985694885"
"117","1962","1962","1962","0.7860000133514404","0.7860000133514404","0.7860000133514404","1962","1962","1962","0.8777999877929688","0.8777999877929688","0.8777999877929688","1962","1962","1962","0.8950999975204468","0.8950999975204468","0.8950999975204468","1962","1962","1962","0.8924000263214111","0.8924000263214111","0.8924000263214111"
"118","1979","1979","1979","0.7879999876022339","0.7879999876022339","0.7879999876022339","1979","1979","1979","0.8765000104904175","0.8765000104904175","0.8765000104904175","1979","1979","1979","0.8931999802589417","0.8931999802589417","0.8931999802589417","1979","1979","1979","0.8913999795913696","0.8913999795913696","0.8913999795913696"
"119","1995","1995","1995","0.7896000146865845","0.7896000146865845","0.7896000146865845","1995","1995","1995","0.8751000165939331","0.8751000165939331","0.8751000165939331","1995","1995","1995","0.8960999846458435","0.8960999846458435","0.8960999846458435","1995","1995","1995","0.8932999968528748","0.8932999968528748","0.8932999968528748"
"120","2012","2012","2012","0.7922000288963318","0.7922000288963318","0.7922000288963318","2012","2012","2012","0.8776000142097473","0.8776000142097473","0.8776000142097473","2012","2012","2012","0.8967000246047974","0.8967000246047974","0.8967000246047974","2012","2012","2012","0.8909000158309937","0.8909000158309937","0.8909000158309937"
"121","2029","2029","2029","0.7889000177383423","0.7889000177383423","0.7889000177383423","2029","2029","2029","0.8755000233650208","0.8755000233650208","0.8755000233650208","2029","2029","2029","0.8967000246047974","0.8967000246047974","0.8967000246047974","2029","2029","2029","0.8920999765396118","0.8920999765396118","0.8920999765396118"
"122","2045","2045","2045","0.7892000079154968","0.7892000079154968","0.7892000079154968","2045","2045","2045","0.8754000067710876","0.8754000067710876","0.8754000067710876","2045","2045","2045","0.8959000110626221","0.8959000110626221","0.8959000110626221","2045","2045","2045","0.8935999870300293","0.8935999870300293","0.8935999870300293"
"123","2062","2062","2062","0.7878999710083008","0.7878999710083008","0.7878999710083008","2062","2062","2062","0.8752999901771545","0.8752999901771545","0.8752999901771545","2062","2062","2062","0.8959000110626221","0.8959000110626221","0.8959000110626221","2062","2062","2062","0.8896999955177307","0.8896999955177307","0.8896999955177307"
"124","2079","2079","2079","0.7906000018119812","0.7906000018119812","0.7906000018119812","2079","2079","2079","0.8748000264167786","0.8748000264167786","0.8748000264167786","2079","2079","2079","0.8956999778747559","0.8956999778747559","0.8956999778747559","2079","2079","2079","0.8910999894142151","0.8910999894142151","0.8910999894142151"
"125","2095","2095","2095","0.7885000109672546","0.7885000109672546","0.7885000109672546","2095","2095","2095","0.8754000067710876","0.8754000067710876","0.8754000067710876","2095","2095","2095","0.8966000080108643","0.8966000080108643","0.8966000080108643","2095","2095","2095","0.8928999900817871","0.8928999900817871","0.8928999900817871"
"126","2112","2112","2112","0.7900000214576721","0.7900000214576721","0.7900000214576721","2112","2112","2112","0.8748999834060669","0.8748999834060669","0.8748999834060669","2112","2112","2112","0.8967000246047974","0.8967000246047974","0.8967000246047974","2112","2112","2112","0.8920000195503235","0.8920000195503235","0.8920000195503235"
"127","2128","2128","2128","0.7864000201225281","0.7864000201225281","0.7864000201225281","2128","2128","2128","0.8769999742507935","0.8769999742507935","0.8769999742507935","2128","2128","2128","0.8964999914169312","0.8964999914169312","0.8964999914169312","2128","2128","2128","0.8944000005722046","0.8944000005722046","0.8944000005722046"
"128","2145","2145","2145","0.7896000146865845","0.7896000146865845","0.7896000146865845","2145","2145","2145","0.8756999969482422","0.8756999969482422","0.8756999969482422","2145","2145","2145","0.8970999717712402","0.8970999717712402","0.8970999717712402","2145","2145","2145","0.8920999765396118","0.8920999765396118","0.8920999765396118"
"129","2162","2162","2162","0.7885000109672546","0.7885000109672546","0.7885000109672546","2162","2162","2162","0.8762000203132629","0.8762000203132629","0.8762000203132629","2162","2162","2162","0.8974000215530396","0.8974000215530396","0.8974000215530396","2162","2162","2162","0.8928999900817871","0.8928999900817871","0.8928999900817871"
"130","2178","2178","2178","0.7915999889373779","0.7915999889373779","0.7915999889373779","2178","2178","2178","0.8752999901771545","0.8752999901771545","0.8752999901771545","2178","2178","2178","0.8964999914169312","0.8964999914169312","0.8964999914169312","2178","2178","2178","0.892799973487854","0.892799973487854","0.892799973487854"
"131","2195","2195","2195","0.7875000238418579","0.7875000238418579","0.7875000238418579","2195","2195","2195","0.8761000037193298","0.8761000037193298","0.8761000037193298","2195","2195","2195","0.8967999815940857","0.8967999815940857","0.8967999815940857","2195","2195","2195","0.8920000195503235","0.8920000195503235","0.8920000195503235"
"132","2212","2212","2212","0.7944999933242798","0.7944999933242798","0.7944999933242798","2212","2212","2212","0.8756999969482422","0.8756999969482422","0.8756999969482422","2212","2212","2212","0.8960999846458435","0.8960999846458435","0.8960999846458435","2212","2212","2212","0.8928999900817871","0.8928999900817871","0.8928999900817871"
"133","2228","2228","2228","0.7903000116348267","0.7903000116348267","0.7903000116348267","2228","2228","2228","0.8751999735832214","0.8751999735832214","0.8751999735832214","2228","2228","2228","0.8960999846458435","0.8960999846458435","0.8960999846458435","2228","2228","2228","0.8924999833106995","0.8924999833106995","0.8924999833106995"
"134","2245","2245","2245","0.7906000018119812","0.7906000018119812","0.7906000018119812","2245","2245","2245","0.8748999834060669","0.8748999834060669","0.8748999834060669","2245","2245","2245","0.8968999981880188","0.8968999981880188","0.8968999981880188","2245","2245","2245","0.8906000256538391","0.8906000256538391","0.8906000256538391"
"135","2262","2262","2262","0.7919999957084656","0.7919999957084656","0.7919999957084656","2262","2262","2262","0.873199999332428","0.873199999332428","0.873199999332428","2262","2262","2262","0.8952000141143799","0.8952000141143799","0.8952000141143799","2262","2262","2262","0.892799973487854","0.892799973487854","0.892799973487854"
"136","2278","2278","2278","0.7882999777793884","0.7882999777793884","0.7882999777793884","2278","2278","2278","0.8748000264167786","0.8748000264167786","0.8748000264167786","2278","2278","2278","0.8963000178337097","0.8963000178337097","0.8963000178337097","2278","2278","2278","0.8932999968528748","0.8932999968528748","0.8932999968528748"
"137","2295","2295","2295","0.7924000024795532","0.7924000024795532","0.7924000024795532","2295","2295","2295","0.8736000061035156","0.8736000061035156","0.8736000061035156","2295","2295","2295","0.8970000147819519","0.8970000147819519","0.8970000147819519","2295","2295","2295","0.8934000134468079","0.8934000134468079","0.8934000134468079"
"138","2311","2311","2311","0.7939000129699707","0.7939000129699707","0.7939000129699707","2311","2311","2311","0.8769000172615051","0.8769000172615051","0.8769000172615051","2311","2311","2311","0.8974000215530396","0.8974000215530396","0.8974000215530396","2311","2311","2311","0.8949000239372253","0.8949000239372253","0.8949000239372253"
"139","2328","2328","2328","0.7919999957084656","0.7919999957084656","0.7919999957084656","2328","2328","2328","0.8761000037193298","0.8761000037193298","0.8761000037193298","2328","2328","2328","0.8967000246047974","0.8967000246047974","0.8967000246047974","2328","2328","2328","0.8934000134468079","0.8934000134468079","0.8934000134468079"
"140","2345","2345","2345","0.7924000024795532","0.7924000024795532","0.7924000024795532","2345","2345","2345","0.8758000135421753","0.8758000135421753","0.8758000135421753","2345","2345","2345","0.8981000185012817","0.8981000185012817","0.8981000185012817","2345","2345","2345","0.8938000202178955","0.8938000202178955","0.8938000202178955"
"141","2361","2361","2361","0.795799970626831","0.795799970626831","0.795799970626831","2361","2361","2361","0.8769000172615051","0.8769000172615051","0.8769000172615051","2361","2361","2361","0.8968999981880188","0.8968999981880188","0.8968999981880188","2361","2361","2361","0.8920999765396118","0.8920999765396118","0.8920999765396118"
"142","2378","2378","2378","0.7960000038146973","0.7960000038146973","0.7960000038146973","2378","2378","2378","0.8762000203132629","0.8762000203132629","0.8762000203132629","2378","2378","2378","0.8971999883651733","0.8971999883651733","0.8971999883651733","2378","2378","2378","0.8920000195503235","0.8920000195503235","0.8920000195503235"
"143","2395","2395","2395","0.7889000177383423","0.7889000177383423","0.7889000177383423","2395","2395","2395","0.8751999735832214","0.8751999735832214","0.8751999735832214","2395","2395","2395","0.8981000185012817","0.8981000185012817","0.8981000185012817","2395","2395","2395","0.892300009727478","0.892300009727478","0.892300009727478"
"144","2411","2411","2411","0.7908999919891357","0.7908999919891357","0.7908999919891357","2411","2411","2411","0.8755000233650208","0.8755000233650208","0.8755000233650208","2411","2411","2411","0.8984000086784363","0.8984000086784363","0.8984000086784363","2411","2411","2411","0.8931999802589417","0.8931999802589417","0.8931999802589417"
"145","2428","2428","2428","0.7944999933242798","0.7944999933242798","0.7944999933242798","2428","2428","2428","0.8766000270843506","0.8766000270843506","0.8766000270843506","2428","2428","2428","0.8966000080108643","0.8966000080108643","0.8966000080108643","2428","2428","2428","0.8938000202178955","0.8938000202178955","0.8938000202178955"
"146","2445","2445","2445","0.7929999828338623","0.7929999828338623","0.7929999828338623","2445","2445","2445","0.8755999803543091","0.8755999803543091","0.8755999803543091","2445","2445","2445","0.8970999717712402","0.8970999717712402","0.8970999717712402","2445","2445","2445","0.892799973487854","0.892799973487854","0.892799973487854"
"147","2461","2461","2461","0.7925000190734863","0.7925000190734863","0.7925000190734863","2461","2461","2461","0.8752999901771545","0.8752999901771545","0.8752999901771545","2461","2461","2461","0.8968999981880188","0.8968999981880188","0.8968999981880188","2461","2461","2461","0.8937000036239624","0.8937000036239624","0.8937000036239624"
"148","2478","2478","2478","0.7936000227928162","0.7936000227928162","0.7936000227928162","2478","2478","2478","0.8763999938964844","0.8763999938964844","0.8763999938964844","2478","2478","2478","0.8995000123977661","0.8995000123977661","0.8995000123977661","2478","2478","2478","0.8935999870300293","0.8935999870300293","0.8935999870300293"
"149","2495","2495","2495","0.7975999712944031","0.7975999712944031","0.7975999712944031","2495","2495","2495","0.8751000165939331","0.8751000165939331","0.8751000165939331","2495","2495","2495","0.8980000019073486","0.8980000019073486","0.8980000019073486","2495","2495","2495","0.8931000232696533","0.8931000232696533","0.8931000232696533"
"150","2511","2511","2511","0.7968999743461609","0.7968999743461609","0.7968999743461609","2511","2511","2511","0.8776999711990356","0.8776999711990356","0.8776999711990356","2511","2511","2511","0.8985000252723694","0.8985000252723694","0.8985000252723694","2511","2511","2511","0.8934000134468079","0.8934000134468079","0.8934000134468079"
"151","2528","2528","2528","0.7979999780654907","0.7979999780654907","0.7979999780654907","2528","2528","2528","0.8780999779701233","0.8780999779701233","0.8780999779701233","2528","2528","2528","0.8988000154495239","0.8988000154495239","0.8988000154495239","2528","2528","2528","0.892799973487854","0.892799973487854","0.892799973487854"
"152","2544","2544","2544","0.79830002784729","0.79830002784729","0.79830002784729","2544","2544","2544","0.8770999908447266","0.8770999908447266","0.8770999908447266","2544","2544","2544","0.8991000056266785","0.8991000056266785","0.8991000056266785","2544","2544","2544","0.892799973487854","0.892799973487854","0.892799973487854"
"153","2561","2561","2561","0.7986999750137329","0.7986999750137329","0.7986999750137329","2561","2561","2561","0.8776999711990356","0.8776999711990356","0.8776999711990356","2561","2561","2561","0.8991000056266785","0.8991000056266785","0.8991000056266785","2561","2561","2561","0.8934000134468079","0.8934000134468079","0.8934000134468079"
"154","2578","2578","2578","0.7986999750137329","0.7986999750137329","0.7986999750137329","2578","2578","2578","0.8781999945640564","0.8781999945640564","0.8781999945640564","2578","2578","2578","0.8978000283241272","0.8978000283241272","0.8978000283241272","2578","2578","2578","0.89410001039505","0.89410001039505","0.89410001039505"
"155","2594","2594","2594","0.7973999977111816","0.7973999977111816","0.7973999977111816","2594","2594","2594","0.8784000277519226","0.8784000277519226","0.8784000277519226","2594","2594","2594","0.8988999724388123","0.8988999724388123","0.8988999724388123","2594","2594","2594","0.8931000232696533","0.8931000232696533","0.8931000232696533"
"156","2611","2611","2611","0.7979999780654907","0.7979999780654907","0.7979999780654907","2611","2611","2611","0.8781999945640564","0.8781999945640564","0.8781999945640564","2611","2611","2611","0.8992000222206116","0.8992000222206116","0.8992000222206116","2611","2611","2611","0.8953999876976013","0.8953999876976013","0.8953999876976013"
"157","2628","2628","2628","0.7978000044822693","0.7978000044822693","0.7978000044822693","2628","2628","2628","0.878000020980835","0.878000020980835","0.878000020980835","2628","2628","2628","0.8977000117301941","0.8977000117301941","0.8977000117301941","2628","2628","2628","0.8935999870300293","0.8935999870300293","0.8935999870300293"
"158","2644","2644","2644","0.796999990940094","0.796999990940094","0.796999990940094","2644","2644","2644","0.8779000043869019","0.8779000043869019","0.8779000043869019","2644","2644","2644","0.8996000289916992","0.8996000289916992","0.8996000289916992","2644","2644","2644","0.8937000036239624","0.8937000036239624","0.8937000036239624"
"159","2661","2661","2661","0.7985000014305115","0.7985000014305115","0.7985000014305115","2661","2661","2661","0.8784000277519226","0.8784000277519226","0.8784000277519226","2661","2661","2661","0.8982999920845032","0.8982999920845032","0.8982999920845032","2661","2661","2661","0.8944000005722046","0.8944000005722046","0.8944000005722046"
"160","2678","2678","2678","0.7989000082015991","0.7989000082015991","0.7989000082015991","2678","2678","2678","0.8763999938964844","0.8763999938964844","0.8763999938964844","2678","2678","2678","0.8980000019073486","0.8980000019073486","0.8980000019073486","2678","2678","2678","0.8944000005722046","0.8944000005722046","0.8944000005722046"
"161","2694","2694","2694","0.7983999848365784","0.7983999848365784","0.7983999848365784","2694","2694","2694","0.8776999711990356","0.8776999711990356","0.8776999711990356","2694","2694","2694","0.8988999724388123","0.8988999724388123","0.8988999724388123","2694","2694","2694","0.8949000239372253","0.8949000239372253","0.8949000239372253"
"162","2711","2711","2711","0.798799991607666","0.798799991607666","0.798799991607666","2711","2711","2711","0.8762999773025513","0.8762999773025513","0.8762999773025513","2711","2711","2711","0.8992999792098999","0.8992999792098999","0.8992999792098999","2711","2711","2711","0.8942000269889832","0.8942000269889832","0.8942000269889832"
"163","2727","2727","2727","0.7971000075340271","0.7971000075340271","0.7971000075340271","2727","2727","2727","0.8774999976158142","0.8774999976158142","0.8774999976158142","2727","2727","2727","0.8988000154495239","0.8988000154495239","0.8988000154495239","2727","2727","2727","0.894599974155426","0.894599974155426","0.894599974155426"
"164","2744","2744","2744","0.7980999946594238","0.7980999946594238","0.7980999946594238","2744","2744","2744","0.8770999908447266","0.8770999908447266","0.8770999908447266","2744","2744","2744","0.8995000123977661","0.8995000123977661","0.8995000123977661","2744","2744","2744","0.8953999876976013","0.8953999876976013","0.8953999876976013"
"165","2761","2761","2761","0.7990000247955322","0.7990000247955322","0.7990000247955322","2761","2761","2761","0.8763999938964844","0.8763999938964844","0.8763999938964844","2761","2761","2761","0.8986999988555908","0.8986999988555908","0.8986999988555908","2761","2761","2761","0.8948000073432922","0.8948000073432922","0.8948000073432922"
"166","2777","2777","2777","0.7986999750137329","0.7986999750137329","0.7986999750137329","2777","2777","2777","0.8766999840736389","0.8766999840736389","0.8766999840736389","2777","2777","2777","0.8985999822616577","0.8985999822616577","0.8985999822616577","2777","2777","2777","0.8944000005722046","0.8944000005722046","0.8944000005722046"
"167","2794","2794","2794","0.7980999946594238","0.7980999946594238","0.7980999946594238","2794","2794","2794","0.8769999742507935","0.8769999742507935","0.8769999742507935","2794","2794","2794","0.8991000056266785","0.8991000056266785","0.8991000056266785","2794","2794","2794","0.8952000141143799","0.8952000141143799","0.8952000141143799"
"168","2811","2811","2811","0.7961999773979187","0.7961999773979187","0.7961999773979187","2811","2811","2811","0.8777999877929688","0.8777999877929688","0.8777999877929688","2811","2811","2811","0.8978000283241272","0.8978000283241272","0.8978000283241272","2811","2811","2811","0.8934000134468079","0.8934000134468079","0.8934000134468079"
"169","2827","2827","2827","0.7989000082015991","0.7989000082015991","0.7989000082015991","2827","2827","2827","0.8770999908447266","0.8770999908447266","0.8770999908447266","2827","2827","2827","0.8984000086784363","0.8984000086784363","0.8984000086784363","2827","2827","2827","0.8945000171661377","0.8945000171661377","0.8945000171661377"
"170","2844","2844","2844","0.7979000210762024","0.7979000210762024","0.7979000210762024","2844","2844","2844","0.8781999945640564","0.8781999945640564","0.8781999945640564","2844","2844","2844","0.8996999859809875","0.8996999859809875","0.8996999859809875","2844","2844","2844","0.8949000239372253","0.8949000239372253","0.8949000239372253"
"171","2861","2861","2861","0.7986999750137329","0.7986999750137329","0.7986999750137329","2861","2861","2861","0.8770999908447266","0.8770999908447266","0.8770999908447266","2861","2861","2861","0.8985999822616577","0.8985999822616577","0.8985999822616577","2861","2861","2861","0.8953999876976013","0.8953999876976013","0.8953999876976013"
"172","2877","2877","2877","0.7982000112533569","0.7982000112533569","0.7982000112533569","2877","2877","2877","0.8769000172615051","0.8769000172615051","0.8769000172615051","2877","2877","2877","0.8992999792098999","0.8992999792098999","0.8992999792098999","2877","2877","2877","0.8934999704360962","0.8934999704360962","0.8934999704360962"
"173","2894","2894","2894","0.7989000082015991","0.7989000082015991","0.7989000082015991","2894","2894","2894","0.8776999711990356","0.8776999711990356","0.8776999711990356","2894","2894","2894","0.8992999792098999","0.8992999792098999","0.8992999792098999","2894","2894","2894","0.8955000042915344","0.8955000042915344","0.8955000042915344"
"174","2911","2911","2911","0.7979999780654907","0.7979999780654907","0.7979999780654907","2911","2911","2911","0.8774999976158142","0.8774999976158142","0.8774999976158142","2911","2911","2911","0.8985000252723694","0.8985000252723694","0.8985000252723694","2911","2911","2911","0.8949000239372253","0.8949000239372253","0.8949000239372253"
"175","2927","2927","2927","0.7983999848365784","0.7983999848365784","0.7983999848365784","2927","2927","2927","0.8770999908447266","0.8770999908447266","0.8770999908447266","2927","2927","2927","0.8981999754905701","0.8981999754905701","0.8981999754905701","2927","2927","2927","0.8949000239372253","0.8949000239372253","0.8949000239372253"
"176","2944","2944","2944","0.7990999817848206","0.7990999817848206","0.7990999817848206","2944","2944","2944","0.8787000179290771","0.8787000179290771","0.8787000179290771","2944","2944","2944","0.8999000191688538","0.8999000191688538","0.8999000191688538","2944","2944","2944","0.8950999975204468","0.8950999975204468","0.8950999975204468"
"177","2960","2960","2960","0.7972999811172485","0.7972999811172485","0.7972999811172485","2960","2960","2960","0.8784000277519226","0.8784000277519226","0.8784000277519226","2960","2960","2960","0.8988000154495239","0.8988000154495239","0.8988000154495239","2960","2960","2960","0.8945000171661377","0.8945000171661377","0.8945000171661377"
"178","2977","2977","2977","0.79830002784729","0.79830002784729","0.79830002784729","2977","2977","2977","0.8763999938964844","0.8763999938964844","0.8763999938964844","2977","2977","2977","0.8985999822616577","0.8985999822616577","0.8985999822616577","2977","2977","2977","0.8942000269889832","0.8942000269889832","0.8942000269889832"
"179","2994","2994","2994","0.8001000285148621","0.8001000285148621","0.8001000285148621","2994","2994","2994","0.876800000667572","0.876800000667572","0.876800000667572","2994","2994","2994","0.8989999890327454","0.8989999890327454","0.8989999890327454","2994","2994","2994","0.8935999870300293","0.8935999870300293","0.8935999870300293"
"180","3010","3010","3010","0.7967000007629395","0.7967000007629395","0.7967000007629395","3010","3010","3010","0.8769000172615051","0.8769000172615051","0.8769000172615051","3010","3010","3010","0.8998000025749207","0.8998000025749207","0.8998000025749207","3010","3010","3010","0.8938999772071838","0.8938999772071838","0.8938999772071838"
"181","3027","3027","3027","0.7989000082015991","0.7989000082015991","0.7989000082015991","3027","3027","3027","0.8772000074386597","0.8772000074386597","0.8772000074386597","3027","3027","3027","0.8992999792098999","0.8992999792098999","0.8992999792098999","3027","3027","3027","0.8959000110626221","0.8959000110626221","0.8959000110626221"
"182","3044","3044","3044","0.7991999983787537","0.7991999983787537","0.7991999983787537","3044","3044","3044","0.8766999840736389","0.8766999840736389","0.8766999840736389","3044","3044","3044","0.8982999920845032","0.8982999920845032","0.8982999920845032","3044","3044","3044","0.8949000239372253","0.8949000239372253","0.8949000239372253"
"183","3060","3060","3060","0.79830002784729","0.79830002784729","0.79830002784729","3060","3060","3060","0.8770999908447266","0.8770999908447266","0.8770999908447266","3060","3060","3060","0.8991000056266785","0.8991000056266785","0.8991000056266785","3060","3060","3060","0.8948000073432922","0.8948000073432922","0.8948000073432922"
"184","3077","3077","3077","0.7983999848365784","0.7983999848365784","0.7983999848365784","3077","3077","3077","0.8772000074386597","0.8772000074386597","0.8772000074386597","3077","3077","3077","0.8991000056266785","0.8991000056266785","0.8991000056266785","3077","3077","3077","0.8942999839782715","0.8942999839782715","0.8942999839782715"
"185","3094","3094","3094","0.7990000247955322","0.7990000247955322","0.7990000247955322","3094","3094","3094","0.8780999779701233","0.8780999779701233","0.8780999779701233","3094","3094","3094","0.8970999717712402","0.8970999717712402","0.8970999717712402","3094","3094","3094","0.8948000073432922","0.8948000073432922","0.8948000073432922"
"186","3110","3110","3110","0.7967000007629395","0.7967000007629395","0.7967000007629395","3110","3110","3110","0.8776999711990356","0.8776999711990356","0.8776999711990356","3110","3110","3110","0.8974999785423279","0.8974999785423279","0.8974999785423279","3110","3110","3110","0.89410001039505","0.89410001039505","0.89410001039505"
"187","3127","3127","3127","0.7982000112533569","0.7982000112533569","0.7982000112533569","3127","3127","3127","0.8773000240325928","0.8773000240325928","0.8773000240325928","3127","3127","3127","0.8985999822616577","0.8985999822616577","0.8985999822616577","3127","3127","3127","0.8945000171661377","0.8945000171661377","0.8945000171661377"
"188","3143","3143","3143","0.7991999983787537","0.7991999983787537","0.7991999983787537","3143","3143","3143","0.8773000240325928","0.8773000240325928","0.8773000240325928","3143","3143","3143","0.8984000086784363","0.8984000086784363","0.8984000086784363","3143","3143","3143","0.8934999704360962","0.8934999704360962","0.8934999704360962"
"189","3160","3160","3160","0.7979000210762024","0.7979000210762024","0.7979000210762024","3160","3160","3160","0.8776000142097473","0.8776000142097473","0.8776000142097473","3160","3160","3160","0.8985000252723694","0.8985000252723694","0.8985000252723694","3160","3160","3160","0.8944000005722046","0.8944000005722046","0.8944000005722046"
"190","3177","3177","3177","0.7976999878883362","0.7976999878883362","0.7976999878883362","3177","3177","3177","0.8773000240325928","0.8773000240325928","0.8773000240325928","3177","3177","3177","0.8984000086784363","0.8984000086784363","0.8984000086784363","3177","3177","3177","0.894599974155426","0.894599974155426","0.894599974155426"
"191","3193","3193","3193","0.7994999885559082","0.7994999885559082","0.7994999885559082","3193","3193","3193","0.8779000043869019","0.8779000043869019","0.8779000043869019","3193","3193","3193","0.8986999988555908","0.8986999988555908","0.8986999988555908","3193","3193","3193","0.8942999839782715","0.8942999839782715","0.8942999839782715"
"192","3210","3210","3210","0.7993999719619751","0.7993999719619751","0.7993999719619751","3210","3210","3210","0.8773999810218811","0.8773999810218811","0.8773999810218811","3210","3210","3210","0.899399995803833","0.899399995803833","0.899399995803833","3210","3210","3210","0.8946999907493591","0.8946999907493591","0.8946999907493591"
"193","3227","3227","3227","0.7994999885559082","0.7994999885559082","0.7994999885559082","3227","3227","3227","0.8766999840736389","0.8766999840736389","0.8766999840736389","3227","3227","3227","0.8996000289916992","0.8996000289916992","0.8996000289916992","3227","3227","3227","0.8946999907493591","0.8946999907493591","0.8946999907493591"
"194","3243","3243","3243","0.7989000082015991","0.7989000082015991","0.7989000082015991","3243","3243","3243","0.8762999773025513","0.8762999773025513","0.8762999773025513","3243","3243","3243","0.8988999724388123","0.8988999724388123","0.8988999724388123","3243","3243","3243","0.8950999975204468","0.8950999975204468","0.8950999975204468"
"195","3260","3260","3260","0.7979000210762024","0.7979000210762024","0.7979000210762024","3260","3260","3260","0.8774999976158142","0.8774999976158142","0.8774999976158142","3260","3260","3260","0.8989999890327454","0.8989999890327454","0.8989999890327454","3260","3260","3260","0.8946999907493591","0.8946999907493591","0.8946999907493591"
"196","3277","3277","3277","0.7986999750137329","0.7986999750137329","0.7986999750137329","3277","3277","3277","0.8772000074386597","0.8772000074386597","0.8772000074386597","3277","3277","3277","0.899399995803833","0.899399995803833","0.899399995803833","3277","3277","3277","0.89410001039505","0.89410001039505","0.89410001039505"
"197","3293","3293","3293","0.7986000180244446","0.7986000180244446","0.7986000180244446","3293","3293","3293","0.8779000043869019","0.8779000043869019","0.8779000043869019","3293","3293","3293","0.8999999761581421","0.8999999761581421","0.8999999761581421","3293","3293","3293","0.8952000141143799","0.8952000141143799","0.8952000141143799"
"198","3310","3310","3310","0.8003000020980835","0.8003000020980835","0.8003000020980835","3310","3310","3310","0.8777999877929688","0.8777999877929688","0.8777999877929688","3310","3310","3310","0.8985000252723694","0.8985000252723694","0.8985000252723694","3310","3310","3310","0.8932999968528748","0.8932999968528748","0.8932999968528748"
"199","3327","3327","3327","0.7978000044822693","0.7978000044822693","0.7978000044822693","3327","3327","3327","0.8784000277519226","0.8784000277519226","0.8784000277519226","3327","3327","3327","0.8996999859809875","0.8996999859809875","0.8996999859809875","3327","3327","3327","0.8938999772071838","0.8938999772071838","0.8938999772071838"