"epoch","LLN-deep-sumlogitsFalse-convFalse-k256_128-ps53-pool22-bnTrue-bneck32_layer_4 - _step","LLN-deep-sumlogitsFalse-convFalse-k256_128-ps53-pool22-bnTrue-bneck32_layer_4 - _step__MIN","LLN-deep-sumlogitsFalse-convFalse-k256_128-ps53-pool22-bnTrue-bneck32_layer_4 - _step__MAX","LLN-deep-sumlogitsFalse-convFalse-k256_128-ps53-pool22-bnTrue-bneck32_layer_4 - validate_no_aug_accuracy/dataloader_idx_1","LLN-deep-sumlogitsFalse-convFalse-k256_128-ps53-pool22-bnTrue-bneck32_layer_4 - validate_no_aug_accuracy/dataloader_idx_1__MIN","LLN-deep-sumlogitsFalse-convFalse-k256_128-ps53-pool22-bnTrue-bneck32_layer_4 - validate_no_aug_accuracy/dataloader_idx_1__MAX","LLN-deep-sumlogitsFalse-convFalse-k256_128-ps53-pool22-bnTrue-bneck32_layer_3 - _step","LLN-deep-sumlogitsFalse-convFalse-k256_128-ps53-pool22-bnTrue-bneck32_layer_3 - _step__MIN","LLN-deep-sumlogitsFalse-convFalse-k256_128-ps53-pool22-bnTrue-bneck32_layer_3 - _step__MAX","LLN-deep-sumlogitsFalse-convFalse-k256_128-ps53-pool22-bnTrue-bneck32_layer_3 - validate_no_aug_accuracy/dataloader_idx_1","LLN-deep-sumlogitsFalse-convFalse-k256_128-ps53-pool22-bnTrue-bneck32_layer_3 - validate_no_aug_accuracy/dataloader_idx_1__MIN","LLN-deep-sumlogitsFalse-convFalse-k256_128-ps53-pool22-bnTrue-bneck32_layer_3 - validate_no_aug_accuracy/dataloader_idx_1__MAX","LLN-deep-sumlogitsFalse-convFalse-k256_128-ps53-pool22-bnTrue-bneck32_layer_2 - _step","LLN-deep-sumlogitsFalse-convFalse-k256_128-ps53-pool22-bnTrue-bneck32_layer_2 - _step__MIN","LLN-deep-sumlogitsFalse-convFalse-k256_128-ps53-pool22-bnTrue-bneck32_layer_2 - _step__MAX","LLN-deep-sumlogitsFalse-convFalse-k256_128-ps53-pool22-bnTrue-bneck32_layer_2 - validate_no_aug_accuracy/dataloader_idx_1","LLN-deep-sumlogitsFalse-convFalse-k256_128-ps53-pool22-bnTrue-bneck32_layer_2 - validate_no_aug_accuracy/dataloader_idx_1__MIN","LLN-deep-sumlogitsFalse-convFalse-k256_128-ps53-pool22-bnTrue-bneck32_layer_2 - validate_no_aug_accuracy/dataloader_idx_1__MAX","LLN-deep-sumlogitsFalse-convFalse-k256_128-ps53-pool22-bnTrue-bneck32_layer_1 - _step","LLN-deep-sumlogitsFalse-convFalse-k256_128-ps53-pool22-bnTrue-bneck32_layer_1 - _step__MIN","LLN-deep-sumlogitsFalse-convFalse-k256_128-ps53-pool22-bnTrue-bneck32_layer_1 - _step__MAX","LLN-deep-sumlogitsFalse-convFalse-k256_128-ps53-pool22-bnTrue-bneck32_layer_1 - validate_no_aug_accuracy/dataloader_idx_1","LLN-deep-sumlogitsFalse-convFalse-k256_128-ps53-pool22-bnTrue-bneck32_layer_1 - validate_no_aug_accuracy/dataloader_idx_1__MIN","LLN-deep-sumlogitsFalse-convFalse-k256_128-ps53-pool22-bnTrue-bneck32_layer_1 - validate_no_aug_accuracy/dataloader_idx_1__MAX"
"0","15","15","15","0.3610000014305115","0.3610000014305115","0.3610000014305115","15","15","15","0.3422999978065491","0.3422999978065491","0.3422999978065491","15","15","15","0.39989998936653137","0.39989998936653137","0.39989998936653137","15","15","15","0.64410001039505","0.64410001039505","0.64410001039505"
"1","32","32","32","0.428600013256073","0.428600013256073","0.428600013256073","32","32","32","0.4065999984741211","0.4065999984741211","0.4065999984741211","32","32","32","0.46860000491142273","0.46860000491142273","0.46860000491142273","32","32","32","0.6478000283241272","0.6478000283241272","0.6478000283241272"
"2","48","48","48","0.4066999852657318","0.4066999852657318","0.4066999852657318","48","48","48","0.40939998626708984","0.40939998626708984","0.40939998626708984","48","48","48","0.4440000057220459","0.4440000057220459","0.4440000057220459","48","48","48","0.6347000002861023","0.6347000002861023","0.6347000002861023"
"3","65","65","65","0.421099990606308","0.421099990606308","0.421099990606308","65","65","65","0.4041000008583069","0.4041000008583069","0.4041000008583069","65","65","65","0.5306000113487244","0.5306000113487244","0.5306000113487244","65","65","65","0.6601999998092651","0.6601999998092651","0.6601999998092651"
"4","82","82","82","0.4431000053882599","0.4431000053882599","0.4431000053882599","82","82","82","0.4722999930381775","0.4722999930381775","0.4722999930381775","82","82","82","0.5145999789237976","0.5145999789237976","0.5145999789237976","82","82","82","0.6510999798774719","0.6510999798774719","0.6510999798774719"
"5","98","98","98","0.4650999903678894","0.4650999903678894","0.4650999903678894","98","98","98","0.47530001401901245","0.47530001401901245","0.47530001401901245","98","98","98","0.550599992275238","0.550599992275238","0.550599992275238","98","98","98","0.6450999975204468","0.6450999975204468","0.6450999975204468"
"6","115","115","115","0.4562999904155731","0.4562999904155731","0.4562999904155731","115","115","115","0.4537000060081482","0.4537000060081482","0.4537000060081482","115","115","115","0.5541999936103821","0.5541999936103821","0.5541999936103821","115","115","115","0.6509000062942505","0.6509000062942505","0.6509000062942505"
"7","132","132","132","0.45719999074935913","0.45719999074935913","0.45719999074935913","132","132","132","0.4551999866962433","0.4551999866962433","0.4551999866962433","132","132","132","0.5633000135421753","0.5633000135421753","0.5633000135421753","132","132","132","0.6567999720573425","0.6567999720573425","0.6567999720573425"
"8","148","148","148","0.4595000147819519","0.4595000147819519","0.4595000147819519","148","148","148","0.4797999858856201","0.4797999858856201","0.4797999858856201","148","148","148","0.5511000156402588","0.5511000156402588","0.5511000156402588","148","148","148","0.6478000283241272","0.6478000283241272","0.6478000283241272"
"9","165","165","165","0.4708000123500824","0.4708000123500824","0.4708000123500824","165","165","165","0.4787999987602234","0.4787999987602234","0.4787999987602234","165","165","165","0.5236999988555908","0.5236999988555908","0.5236999988555908","165","165","165","0.6705999970436096","0.6705999970436096","0.6705999970436096"
"10","182","182","182","0.4447999894618988","0.4447999894618988","0.4447999894618988","182","182","182","0.4885999858379364","0.4885999858379364","0.4885999858379364","182","182","182","0.5486999750137329","0.5486999750137329","0.5486999750137329","182","182","182","0.6593000292778015","0.6593000292778015","0.6593000292778015"
"11","198","198","198","0.46399998664855957","0.46399998664855957","0.46399998664855957","198","198","198","0.48919999599456787","0.48919999599456787","0.48919999599456787","198","198","198","0.5206000208854675","0.5206000208854675","0.5206000208854675","198","198","198","0.6672000288963318","0.6672000288963318","0.6672000288963318"
"12","215","215","215","0.46380001306533813","0.46380001306533813","0.46380001306533813","215","215","215","0.41780000925064087","0.41780000925064087","0.41780000925064087","215","215","215","0.5364999771118164","0.5364999771118164","0.5364999771118164","215","215","215","0.667900025844574","0.667900025844574","0.667900025844574"
"13","231","231","231","0.46299999952316284","0.46299999952316284","0.46299999952316284","231","231","231","0.49239999055862427","0.49239999055862427","0.49239999055862427","231","231","231","0.54830002784729","0.54830002784729","0.54830002784729","231","231","231","0.6879000067710876","0.6879000067710876","0.6879000067710876"
"14","248","248","248","0.47110000252723694","0.47110000252723694","0.47110000252723694","248","248","248","0.4546000063419342","0.4546000063419342","0.4546000063419342","248","248","248","0.5523999929428101","0.5523999929428101","0.5523999929428101","248","248","248","0.6725999712944031","0.6725999712944031","0.6725999712944031"
"15","265","265","265","0.46619999408721924","0.46619999408721924","0.46619999408721924","265","265","265","0.4819999933242798","0.4819999933242798","0.4819999933242798","265","265","265","0.5697000026702881","0.5697000026702881","0.5697000026702881","265","265","265","0.6790000200271606","0.6790000200271606","0.6790000200271606"
"16","281","281","281","0.4726000130176544","0.4726000130176544","0.4726000130176544","281","281","281","0.4821000099182129","0.4821000099182129","0.4821000099182129","281","281","281","0.5752999782562256","0.5752999782562256","0.5752999782562256","281","281","281","0.6870999932289124","0.6870999932289124","0.6870999932289124"
"17","298","298","298","0.46299999952316284","0.46299999952316284","0.46299999952316284","298","298","298","0.4620000123977661","0.4620000123977661","0.4620000123977661","298","298","298","0.5694000124931335","0.5694000124931335","0.5694000124931335","298","298","298","0.6872000098228455","0.6872000098228455","0.6872000098228455"
"18","315","315","315","0.46790000796318054","0.46790000796318054","0.46790000796318054","315","315","315","0.46720001101493835","0.46720001101493835","0.46720001101493835","315","315","315","0.5710999965667725","0.5710999965667725","0.5710999965667725","315","315","315","0.6552000045776367","0.6552000045776367","0.6552000045776367"
"19","331","331","331","0.4666000008583069","0.4666000008583069","0.4666000008583069","331","331","331","0.4902999997138977","0.4902999997138977","0.4902999997138977","331","331","331","0.5497999787330627","0.5497999787330627","0.5497999787330627","331","331","331","0.6947000026702881","0.6947000026702881","0.6947000026702881"
"20","348","348","348","0.4733999967575073","0.4733999967575073","0.4733999967575073","348","348","348","0.490200012922287","0.490200012922287","0.490200012922287","348","348","348","0.5866000056266785","0.5866000056266785","0.5866000056266785","348","348","348","0.6942999958992004","0.6942999958992004","0.6942999958992004"
"21","365","365","365","0.48179998993873596","0.48179998993873596","0.48179998993873596","365","365","365","0.47369998693466187","0.47369998693466187","0.47369998693466187","365","365","365","0.5533999800682068","0.5533999800682068","0.5533999800682068","365","365","365","0.6970999836921692","0.6970999836921692","0.6970999836921692"
"22","381","381","381","0.4763000011444092","0.4763000011444092","0.4763000011444092","381","381","381","0.48890000581741333","0.48890000581741333","0.48890000581741333","381","381","381","0.5656999945640564","0.5656999945640564","0.5656999945640564","381","381","381","0.7006000280380249","0.7006000280380249","0.7006000280380249"
"23","398","398","398","0.44440001249313354","0.44440001249313354","0.44440001249313354","398","398","398","0.4634000062942505","0.4634000062942505","0.4634000062942505","398","398","398","0.5587999820709229","0.5587999820709229","0.5587999820709229","398","398","398","0.6976000070571899","0.6976000070571899","0.6976000070571899"
"24","415","415","415","0.44769999384880066","0.44769999384880066","0.44769999384880066","415","415","415","0.4677000045776367","0.4677000045776367","0.4677000045776367","415","415","415","0.582099974155426","0.582099974155426","0.582099974155426","415","415","415","0.7046999931335449","0.7046999931335449","0.7046999931335449"
"25","431","431","431","0.44929999113082886","0.44929999113082886","0.44929999113082886","431","431","431","0.4893999993801117","0.4893999993801117","0.4893999993801117","431","431","431","0.5692999958992004","0.5692999958992004","0.5692999958992004","431","431","431","0.7056999802589417","0.7056999802589417","0.7056999802589417"
"26","448","448","448","0.4691999852657318","0.4691999852657318","0.4691999852657318","448","448","448","0.47999998927116394","0.47999998927116394","0.47999998927116394","448","448","448","0.4803999960422516","0.4803999960422516","0.4803999960422516","448","448","448","0.7128000259399414","0.7128000259399414","0.7128000259399414"
"27","464","464","464","0.4681999981403351","0.4681999981403351","0.4681999981403351","464","464","464","0.5034000277519226","0.5034000277519226","0.5034000277519226","464","464","464","0.5680000185966492","0.5680000185966492","0.5680000185966492","464","464","464","0.6970000267028809","0.6970000267028809","0.6970000267028809"
"28","481","481","481","0.45739999413490295","0.45739999413490295","0.45739999413490295","481","481","481","0.4875999987125397","0.4875999987125397","0.4875999987125397","481","481","481","0.5794000029563904","0.5794000029563904","0.5794000029563904","481","481","481","0.7113999724388123","0.7113999724388123","0.7113999724388123"
"29","498","498","498","0.42910000681877136","0.42910000681877136","0.42910000681877136","498","498","498","0.4634000062942505","0.4634000062942505","0.4634000062942505","498","498","498","0.5730000138282776","0.5730000138282776","0.5730000138282776","498","498","498","0.7128999829292297","0.7128999829292297","0.7128999829292297"
"30","514","514","514","0.4553000032901764","0.4553000032901764","0.4553000032901764","514","514","514","0.4909000098705292","0.4909000098705292","0.4909000098705292","514","514","514","0.553600013256073","0.553600013256073","0.553600013256073","514","514","514","0.7059999704360962","0.7059999704360962","0.7059999704360962"
"31","531","531","531","0.4731999933719635","0.4731999933719635","0.4731999933719635","531","531","531","0.4553000032901764","0.4553000032901764","0.4553000032901764","531","531","531","0.5896000266075134","0.5896000266075134","0.5896000266075134","531","531","531","0.7146000266075134","0.7146000266075134","0.7146000266075134"
"32","548","548","548","0.4724999964237213","0.4724999964237213","0.4724999964237213","548","548","548","0.4519999921321869","0.4519999921321869","0.4519999921321869","548","548","548","0.5436000227928162","0.5436000227928162","0.5436000227928162","548","548","548","0.7160999774932861","0.7160999774932861","0.7160999774932861"
"33","564","564","564","0.45730000734329224","0.45730000734329224","0.45730000734329224","564","564","564","0.47909998893737793","0.47909998893737793","0.47909998893737793","564","564","564","0.5467000007629395","0.5467000007629395","0.5467000007629395","564","564","564","0.7132999897003174","0.7132999897003174","0.7132999897003174"
"34","581","581","581","0.44339999556541443","0.44339999556541443","0.44339999556541443","581","581","581","0.49470001459121704","0.49470001459121704","0.49470001459121704","581","581","581","0.5778999924659729","0.5778999924659729","0.5778999924659729","581","581","581","0.7106000185012817","0.7106000185012817","0.7106000185012817"
"35","598","598","598","0.46709999442100525","0.46709999442100525","0.46709999442100525","598","598","598","0.475600004196167","0.475600004196167","0.475600004196167","598","598","598","0.5055999755859375","0.5055999755859375","0.5055999755859375","598","598","598","0.7267000079154968","0.7267000079154968","0.7267000079154968"
"36","614","614","614","0.47380000352859497","0.47380000352859497","0.47380000352859497","614","614","614","0.4986000061035156","0.4986000061035156","0.4986000061035156","614","614","614","0.5684000253677368","0.5684000253677368","0.5684000253677368","614","614","614","0.7249000072479248","0.7249000072479248","0.7249000072479248"
"37","631","631","631","0.48410001397132874","0.48410001397132874","0.48410001397132874","631","631","631","0.498199999332428","0.498199999332428","0.498199999332428","631","631","631","0.576200008392334","0.576200008392334","0.576200008392334","631","631","631","0.7138000130653381","0.7138000130653381","0.7138000130653381"
"38","647","647","647","0.4672999978065491","0.4672999978065491","0.4672999978065491","647","647","647","0.4729999899864197","0.4729999899864197","0.4729999899864197","647","647","647","0.5115000009536743","0.5115000009536743","0.5115000009536743","647","647","647","0.7196999788284302","0.7196999788284302","0.7196999788284302"
"39","664","664","664","0.46540001034736633","0.46540001034736633","0.46540001034736633","664","664","664","0.4645000100135803","0.4645000100135803","0.4645000100135803","664","664","664","0.5641999840736389","0.5641999840736389","0.5641999840736389","664","664","664","0.7386000156402588","0.7386000156402588","0.7386000156402588"
"40","681","681","681","0.47189998626708984","0.47189998626708984","0.47189998626708984","681","681","681","0.47269999980926514","0.47269999980926514","0.47269999980926514","681","681","681","0.5555999875068665","0.5555999875068665","0.5555999875068665","681","681","681","0.7300999760627747","0.7300999760627747","0.7300999760627747"
"41","697","697","697","0.4627000093460083","0.4627000093460083","0.4627000093460083","697","697","697","0.4805000126361847","0.4805000126361847","0.4805000126361847","697","697","697","0.5440000295639038","0.5440000295639038","0.5440000295639038","697","697","697","0.7221999764442444","0.7221999764442444","0.7221999764442444"
"42","714","714","714","0.4702000021934509","0.4702000021934509","0.4702000021934509","714","714","714","0.48510000109672546","0.48510000109672546","0.48510000109672546","714","714","714","0.5613999962806702","0.5613999962806702","0.5613999962806702","714","714","714","0.7351999878883362","0.7351999878883362","0.7351999878883362"
"43","731","731","731","0.44940000772476196","0.44940000772476196","0.44940000772476196","731","731","731","0.4438999891281128","0.4438999891281128","0.4438999891281128","731","731","731","0.5281000137329102","0.5281000137329102","0.5281000137329102","731","731","731","0.7328000068664551","0.7328000068664551","0.7328000068664551"
"44","747","747","747","0.47209998965263367","0.47209998965263367","0.47209998965263367","747","747","747","0.4814999997615814","0.4814999997615814","0.4814999997615814","747","747","747","0.5713000297546387","0.5713000297546387","0.5713000297546387","747","747","747","0.71670001745224","0.71670001745224","0.71670001745224"
"45","764","764","764","0.47049999237060547","0.47049999237060547","0.47049999237060547","764","764","764","0.47909998893737793","0.47909998893737793","0.47909998893737793","764","764","764","0.5882999897003174","0.5882999897003174","0.5882999897003174","764","764","764","0.732699990272522","0.732699990272522","0.732699990272522"
"46","781","781","781","0.4706999957561493","0.4706999957561493","0.4706999957561493","781","781","781","0.4706000089645386","0.4706000089645386","0.4706000089645386","781","781","781","0.5586000084877014","0.5586000084877014","0.5586000084877014","781","781","781","0.7365000247955322","0.7365000247955322","0.7365000247955322"
"47","797","797","797","0.46470001339912415","0.46470001339912415","0.46470001339912415","797","797","797","0.5060999989509583","0.5060999989509583","0.5060999989509583","797","797","797","0.5910999774932861","0.5910999774932861","0.5910999774932861","797","797","797","0.723800003528595","0.723800003528595","0.723800003528595"
"48","814","814","814","0.4526999890804291","0.4526999890804291","0.4526999890804291","814","814","814","0.49790000915527344","0.49790000915527344","0.49790000915527344","814","814","814","0.4652000069618225","0.4652000069618225","0.4652000069618225","814","814","814","0.7336999773979187","0.7336999773979187","0.7336999773979187"
"49","831","831","831","0.4684000015258789","0.4684000015258789","0.4684000015258789","831","831","831","0.49149999022483826","0.49149999022483826","0.49149999022483826","831","831","831","0.5659000277519226","0.5659000277519226","0.5659000277519226","831","831","831","0.7378000020980835","0.7378000020980835","0.7378000020980835"
"50","847","847","847","0.45239999890327454","0.45239999890327454","0.45239999890327454","847","847","847","0.48170000314712524","0.48170000314712524","0.48170000314712524","847","847","847","0.5903000235557556","0.5903000235557556","0.5903000235557556","847","847","847","0.7430999875068665","0.7430999875068665","0.7430999875068665"
"51","864","864","864","0.4790000021457672","0.4790000021457672","0.4790000021457672","864","864","864","0.49219998717308044","0.49219998717308044","0.49219998717308044","864","864","864","0.5771999955177307","0.5771999955177307","0.5771999955177307","864","864","864","0.7339000105857849","0.7339000105857849","0.7339000105857849"
"52","880","880","880","0.4602999985218048","0.4602999985218048","0.4602999985218048","880","880","880","0.4494999945163727","0.4494999945163727","0.4494999945163727","880","880","880","0.5879999995231628","0.5879999995231628","0.5879999995231628","880","880","880","0.73580002784729","0.73580002784729","0.73580002784729"
"53","897","897","897","0.4657999873161316","0.4657999873161316","0.4657999873161316","897","897","897","0.4560000002384186","0.4560000002384186","0.4560000002384186","897","897","897","0.5541999936103821","0.5541999936103821","0.5541999936103821","897","897","897","0.7376000285148621","0.7376000285148621","0.7376000285148621"
"54","914","914","914","0.4523000121116638","0.4523000121116638","0.4523000121116638","914","914","914","0.4713999927043915","0.4713999927043915","0.4713999927043915","914","914","914","0.5846999883651733","0.5846999883651733","0.5846999883651733","914","914","914","0.7343000173568726","0.7343000173568726","0.7343000173568726"
"55","930","930","930","0.460999995470047","0.460999995470047","0.460999995470047","930","930","930","0.49230000376701355","0.49230000376701355","0.49230000376701355","930","930","930","0.5867000222206116","0.5867000222206116","0.5867000222206116","930","930","930","0.7432000041007996","0.7432000041007996","0.7432000041007996"
"56","947","947","947","0.46810001134872437","0.46810001134872437","0.46810001134872437","947","947","947","0.4796999990940094","0.4796999990940094","0.4796999990940094","947","947","947","0.5365999937057495","0.5365999937057495","0.5365999937057495","947","947","947","0.7350999712944031","0.7350999712944031","0.7350999712944031"
"57","964","964","964","0.46880000829696655","0.46880000829696655","0.46880000829696655","964","964","964","0.4902999997138977","0.4902999997138977","0.4902999997138977","964","964","964","0.5580000281333923","0.5580000281333923","0.5580000281333923","964","964","964","0.7426000237464905","0.7426000237464905","0.7426000237464905"
"58","980","980","980","0.48559999465942383","0.48559999465942383","0.48559999465942383","980","980","980","0.4643999934196472","0.4643999934196472","0.4643999934196472","980","980","980","0.490200012922287","0.490200012922287","0.490200012922287","980","980","980","0.7480000257492065","0.7480000257492065","0.7480000257492065"
"59","997","997","997","0.44620001316070557","0.44620001316070557","0.44620001316070557","997","997","997","0.4255000054836273","0.4255000054836273","0.4255000054836273","997","997","997","0.5720999836921692","0.5720999836921692","0.5720999836921692","997","997","997","0.7468000054359436","0.7468000054359436","0.7468000054359436"
"60","1014","1014","1014","0.4790000021457672","0.4790000021457672","0.4790000021457672","1014","1014","1014","0.4893999993801117","0.4893999993801117","0.4893999993801117","1014","1014","1014","0.5672000050544739","0.5672000050544739","0.5672000050544739","1014","1014","1014","0.7491000294685364","0.7491000294685364","0.7491000294685364"
"61","1030","1030","1030","0.4510999917984009","0.4510999917984009","0.4510999917984009","1030","1030","1030","0.48420000076293945","0.48420000076293945","0.48420000076293945","1030","1030","1030","0.5848000049591064","0.5848000049591064","0.5848000049591064","1030","1030","1030","0.7462000250816345","0.7462000250816345","0.7462000250816345"
"62","1047","1047","1047","0.45809999108314514","0.45809999108314514","0.45809999108314514","1047","1047","1047","0.4657000005245209","0.4657000005245209","0.4657000005245209","1047","1047","1047","0.5911999940872192","0.5911999940872192","0.5911999940872192","1047","1047","1047","0.7458000183105469","0.7458000183105469","0.7458000183105469"
"63","1063","1063","1063","0.46959999203681946","0.46959999203681946","0.46959999203681946","1063","1063","1063","0.4952000081539154","0.4952000081539154","0.4952000081539154","1063","1063","1063","0.5896999835968018","0.5896999835968018","0.5896999835968018","1063","1063","1063","0.7422999739646912","0.7422999739646912","0.7422999739646912"
"64","1080","1080","1080","0.4781000018119812","0.4781000018119812","0.4781000018119812","1080","1080","1080","0.4814999997615814","0.4814999997615814","0.4814999997615814","1080","1080","1080","0.5884000062942505","0.5884000062942505","0.5884000062942505","1080","1080","1080","0.744700014591217","0.744700014591217","0.744700014591217"
"65","1097","1097","1097","0.4690000116825104","0.4690000116825104","0.4690000116825104","1097","1097","1097","0.49320000410079956","0.49320000410079956","0.49320000410079956","1097","1097","1097","0.5935999751091003","0.5935999751091003","0.5935999751091003","1097","1097","1097","0.7523999810218811","0.7523999810218811","0.7523999810218811"
"66","1113","1113","1113","0.46309998631477356","0.46309998631477356","0.46309998631477356","1113","1113","1113","0.49320000410079956","0.49320000410079956","0.49320000410079956","1113","1113","1113","0.5819000005722046","0.5819000005722046","0.5819000005722046","1113","1113","1113","0.7408000230789185","0.7408000230789185","0.7408000230789185"
"67","1130","1130","1130","0.4641999900341034","0.4641999900341034","0.4641999900341034","1130","1130","1130","0.48159998655319214","0.48159998655319214","0.48159998655319214","1130","1130","1130","0.5916000008583069","0.5916000008583069","0.5916000008583069","1130","1130","1130","0.7398999929428101","0.7398999929428101","0.7398999929428101"
"68","1147","1147","1147","0.46320000290870667","0.46320000290870667","0.46320000290870667","1147","1147","1147","0.4625000059604645","0.4625000059604645","0.4625000059604645","1147","1147","1147","0.5817000269889832","0.5817000269889832","0.5817000269889832","1147","1147","1147","0.746399998664856","0.746399998664856","0.746399998664856"
"69","1163","1163","1163","0.4471000134944916","0.4471000134944916","0.4471000134944916","1163","1163","1163","0.48750001192092896","0.48750001192092896","0.48750001192092896","1163","1163","1163","0.567300021648407","0.567300021648407","0.567300021648407","1163","1163","1163","0.7432000041007996","0.7432000041007996","0.7432000041007996"
"70","1180","1180","1180","0.43779999017715454","0.43779999017715454","0.43779999017715454","1180","1180","1180","0.46970000863075256","0.46970000863075256","0.46970000863075256","1180","1180","1180","0.5727999806404114","0.5727999806404114","0.5727999806404114","1180","1180","1180","0.7282000184059143","0.7282000184059143","0.7282000184059143"
"71","1197","1197","1197","0.46939998865127563","0.46939998865127563","0.46939998865127563","1197","1197","1197","0.4887000024318695","0.4887000024318695","0.4887000024318695","1197","1197","1197","0.5752000212669373","0.5752000212669373","0.5752000212669373","1197","1197","1197","0.7555000185966492","0.7555000185966492","0.7555000185966492"
"72","1213","1213","1213","0.46560001373291016","0.46560001373291016","0.46560001373291016","1213","1213","1213","0.4948999881744385","0.4948999881744385","0.4948999881744385","1213","1213","1213","0.5454000234603882","0.5454000234603882","0.5454000234603882","1213","1213","1213","0.7494999766349792","0.7494999766349792","0.7494999766349792"
"73","1230","1230","1230","0.45890000462532043","0.45890000462532043","0.45890000462532043","1230","1230","1230","0.4925999939441681","0.4925999939441681","0.4925999939441681","1230","1230","1230","0.5647000074386597","0.5647000074386597","0.5647000074386597","1230","1230","1230","0.7368999719619751","0.7368999719619751","0.7368999719619751"
"74","1247","1247","1247","0.4629000127315521","0.4629000127315521","0.4629000127315521","1247","1247","1247","0.47749999165534973","0.47749999165534973","0.47749999165534973","1247","1247","1247","0.5809000134468079","0.5809000134468079","0.5809000134468079","1247","1247","1247","0.7491999864578247","0.7491999864578247","0.7491999864578247"
"75","1263","1263","1263","0.4788999855518341","0.4788999855518341","0.4788999855518341","1263","1263","1263","0.4853000044822693","0.4853000044822693","0.4853000044822693","1263","1263","1263","0.603600025177002","0.603600025177002","0.603600025177002","1263","1263","1263","0.7562999725341797","0.7562999725341797","0.7562999725341797"
"76","1280","1280","1280","0.475600004196167","0.475600004196167","0.475600004196167","1280","1280","1280","0.49619999527931213","0.49619999527931213","0.49619999527931213","1280","1280","1280","0.5619999766349792","0.5619999766349792","0.5619999766349792","1280","1280","1280","0.7419999837875366","0.7419999837875366","0.7419999837875366"
"77","1296","1296","1296","0.4650999903678894","0.4650999903678894","0.4650999903678894","1296","1296","1296","0.4916999936103821","0.4916999936103821","0.4916999936103821","1296","1296","1296","0.5494999885559082","0.5494999885559082","0.5494999885559082","1296","1296","1296","0.7523000240325928","0.7523000240325928","0.7523000240325928"
"78","1313","1313","1313","0.48010000586509705","0.48010000586509705","0.48010000586509705","1313","1313","1313","0.4672999978065491","0.4672999978065491","0.4672999978065491","1313","1313","1313","0.5745999813079834","0.5745999813079834","0.5745999813079834","1313","1313","1313","0.7493000030517578","0.7493000030517578","0.7493000030517578"
"79","1330","1330","1330","0.4652999937534332","0.4652999937534332","0.4652999937534332","1330","1330","1330","0.4860999882221222","0.4860999882221222","0.4860999882221222","1330","1330","1330","0.5335999727249146","0.5335999727249146","0.5335999727249146","1330","1330","1330","0.7419000267982483","0.7419000267982483","0.7419000267982483"
"80","1346","1346","1346","0.4478999972343445","0.4478999972343445","0.4478999972343445","1346","1346","1346","0.4812000095844269","0.4812000095844269","0.4812000095844269","1346","1346","1346","0.5788999795913696","0.5788999795913696","0.5788999795913696","1346","1346","1346","0.751800000667572","0.751800000667572","0.751800000667572"
"81","1363","1363","1363","0.4677000045776367","0.4677000045776367","0.4677000045776367","1363","1363","1363","0.5041999816894531","0.5041999816894531","0.5041999816894531","1363","1363","1363","0.5709999799728394","0.5709999799728394","0.5709999799728394","1363","1363","1363","0.7598000168800354","0.7598000168800354","0.7598000168800354"
"82","1380","1380","1380","0.44269999861717224","0.44269999861717224","0.44269999861717224","1380","1380","1380","0.48660001158714294","0.48660001158714294","0.48660001158714294","1380","1380","1380","0.5820000171661377","0.5820000171661377","0.5820000171661377","1380","1380","1380","0.754800021648407","0.754800021648407","0.754800021648407"
"83","1396","1396","1396","0.475600004196167","0.475600004196167","0.475600004196167","1396","1396","1396","0.4921000003814697","0.4921000003814697","0.4921000003814697","1396","1396","1396","0.5365999937057495","0.5365999937057495","0.5365999937057495","1396","1396","1396","0.7548999786376953","0.7548999786376953","0.7548999786376953"
"84","1413","1413","1413","0.4611999988555908","0.4611999988555908","0.4611999988555908","1413","1413","1413","0.48660001158714294","0.48660001158714294","0.48660001158714294","1413","1413","1413","0.5648999810218811","0.5648999810218811","0.5648999810218811","1413","1413","1413","0.7541999816894531","0.7541999816894531","0.7541999816894531"
"85","1430","1430","1430","0.45019999146461487","0.45019999146461487","0.45019999146461487","1430","1430","1430","0.5006999969482422","0.5006999969482422","0.5006999969482422","1430","1430","1430","0.5710999965667725","0.5710999965667725","0.5710999965667725","1430","1430","1430","0.7462999820709229","0.7462999820709229","0.7462999820709229"
"86","1446","1446","1446","0.47749999165534973","0.47749999165534973","0.47749999165534973","1446","1446","1446","0.4779999852180481","0.4779999852180481","0.4779999852180481","1446","1446","1446","0.5881999731063843","0.5881999731063843","0.5881999731063843","1446","1446","1446","0.7508000135421753","0.7508000135421753","0.7508000135421753"
"87","1463","1463","1463","0.45329999923706055","0.45329999923706055","0.45329999923706055","1463","1463","1463","0.49149999022483826","0.49149999022483826","0.49149999022483826","1463","1463","1463","0.5879999995231628","0.5879999995231628","0.5879999995231628","1463","1463","1463","0.7538999915122986","0.7538999915122986","0.7538999915122986"
"88","1479","1479","1479","0.4571000039577484","0.4571000039577484","0.4571000039577484","1479","1479","1479","0.5026999711990356","0.5026999711990356","0.5026999711990356","1479","1479","1479","0.5662000179290771","0.5662000179290771","0.5662000179290771","1479","1479","1479","0.7441999912261963","0.7441999912261963","0.7441999912261963"
"89","1496","1496","1496","0.4587000012397766","0.4587000012397766","0.4587000012397766","1496","1496","1496","0.4641000032424927","0.4641000032424927","0.4641000032424927","1496","1496","1496","0.559499979019165","0.559499979019165","0.559499979019165","1496","1496","1496","0.7544000148773193","0.7544000148773193","0.7544000148773193"
"90","1513","1513","1513","0.460099995136261","0.460099995136261","0.460099995136261","1513","1513","1513","0.5","0.5","0.5","1513","1513","1513","0.5873000025749207","0.5873000025749207","0.5873000025749207","1513","1513","1513","0.7491000294685364","0.7491000294685364","0.7491000294685364"
"91","1529","1529","1529","0.4819999933242798","0.4819999933242798","0.4819999933242798","1529","1529","1529","0.45669999718666077","0.45669999718666077","0.45669999718666077","1529","1529","1529","0.5507000088691711","0.5507000088691711","0.5507000088691711","1529","1529","1529","0.7520999908447266","0.7520999908447266","0.7520999908447266"
"92","1546","1546","1546","0.4758000075817108","0.4758000075817108","0.4758000075817108","1546","1546","1546","0.48240000009536743","0.48240000009536743","0.48240000009536743","1546","1546","1546","0.5590000152587891","0.5590000152587891","0.5590000152587891","1546","1546","1546","0.7444000244140625","0.7444000244140625","0.7444000244140625"
"93","1563","1563","1563","0.4487000107765198","0.4487000107765198","0.4487000107765198","1563","1563","1563","0.49380001425743103","0.49380001425743103","0.49380001425743103","1563","1563","1563","0.5702999830245972","0.5702999830245972","0.5702999830245972","1563","1563","1563","0.7494999766349792","0.7494999766349792","0.7494999766349792"
"94","1579","1579","1579","0.4528999924659729","0.4528999924659729","0.4528999924659729","1579","1579","1579","0.4862000048160553","0.4862000048160553","0.4862000048160553","1579","1579","1579","0.5432000160217285","0.5432000160217285","0.5432000160217285","1579","1579","1579","0.7422999739646912","0.7422999739646912","0.7422999739646912"
"95","1596","1596","1596","0.47620001435279846","0.47620001435279846","0.47620001435279846","1596","1596","1596","0.47040000557899475","0.47040000557899475","0.47040000557899475","1596","1596","1596","0.5561000108718872","0.5561000108718872","0.5561000108718872","1596","1596","1596","0.7572000026702881","0.7572000026702881","0.7572000026702881"
"96","1613","1613","1613","0.46560001373291016","0.46560001373291016","0.46560001373291016","1613","1613","1613","0.4814000129699707","0.4814000129699707","0.4814000129699707","1613","1613","1613","0.5045999884605408","0.5045999884605408","0.5045999884605408","1613","1613","1613","0.7498999834060669","0.7498999834060669","0.7498999834060669"
"97","1629","1629","1629","0.44609999656677246","0.44609999656677246","0.44609999656677246","1629","1629","1629","0.492000013589859","0.492000013589859","0.492000013589859","1629","1629","1629","0.5683000087738037","0.5683000087738037","0.5683000087738037","1629","1629","1629","0.7490000128746033","0.7490000128746033","0.7490000128746033"
"98","1646","1646","1646","0.4772999882698059","0.4772999882698059","0.4772999882698059","1646","1646","1646","0.48330000042915344","0.48330000042915344","0.48330000042915344","1646","1646","1646","0.5631999969482422","0.5631999969482422","0.5631999969482422","1646","1646","1646","0.7516000270843506","0.7516000270843506","0.7516000270843506"
"99","1663","1663","1663","0.45750001072883606","0.45750001072883606","0.45750001072883606","1663","1663","1663","0.5060999989509583","0.5060999989509583","0.5060999989509583","1663","1663","1663","0.5874000191688538","0.5874000191688538","0.5874000191688538","1663","1663","1663","0.7457000017166138","0.7457000017166138","0.7457000017166138"
"100","1679","1679","1679","0.5034000277519226","0.5034000277519226","0.5034000277519226","1679","1679","1679","0.5325999855995178","0.5325999855995178","0.5325999855995178","1679","1679","1679","0.626800000667572","0.626800000667572","0.626800000667572","1679","1679","1679","0.7663000226020813","0.7663000226020813","0.7663000226020813"
"101","1696","1696","1696","0.5026000142097473","0.5026000142097473","0.5026000142097473","1696","1696","1696","0.5360000133514404","0.5360000133514404","0.5360000133514404","1696","1696","1696","0.6273000240325928","0.6273000240325928","0.6273000240325928","1696","1696","1696","0.7731000185012817","0.7731000185012817","0.7731000185012817"
"102","1712","1712","1712","0.5113000273704529","0.5113000273704529","0.5113000273704529","1712","1712","1712","0.5432000160217285","0.5432000160217285","0.5432000160217285","1712","1712","1712","0.6292999982833862","0.6292999982833862","0.6292999982833862","1712","1712","1712","0.7688999772071838","0.7688999772071838","0.7688999772071838"
"103","1729","1729","1729","0.5113000273704529","0.5113000273704529","0.5113000273704529","1729","1729","1729","0.5480999946594238","0.5480999946594238","0.5480999946594238","1729","1729","1729","0.628000020980835","0.628000020980835","0.628000020980835","1729","1729","1729","0.7720000147819519","0.7720000147819519","0.7720000147819519"
"104","1746","1746","1746","0.5022000074386597","0.5022000074386597","0.5022000074386597","1746","1746","1746","0.5485000014305115","0.5485000014305115","0.5485000014305115","1746","1746","1746","0.6248000264167786","0.6248000264167786","0.6248000264167786","1746","1746","1746","0.7699999809265137","0.7699999809265137","0.7699999809265137"
"105","1762","1762","1762","0.5101000070571899","0.5101000070571899","0.5101000070571899","1762","1762","1762","0.5461999773979187","0.5461999773979187","0.5461999773979187","1762","1762","1762","0.6333000063896179","0.6333000063896179","0.6333000063896179","1762","1762","1762","0.7724999785423279","0.7724999785423279","0.7724999785423279"
"106","1779","1779","1779","0.5059999823570251","0.5059999823570251","0.5059999823570251","1779","1779","1779","0.5473999977111816","0.5473999977111816","0.5473999977111816","1779","1779","1779","0.635699987411499","0.635699987411499","0.635699987411499","1779","1779","1779","0.771399974822998","0.771399974822998","0.771399974822998"
"107","1796","1796","1796","0.5060999989509583","0.5060999989509583","0.5060999989509583","1796","1796","1796","0.5486000180244446","0.5486000180244446","0.5486000180244446","1796","1796","1796","0.6376000046730042","0.6376000046730042","0.6376000046730042","1796","1796","1796","0.7753000259399414","0.7753000259399414","0.7753000259399414"
"108","1812","1812","1812","0.5074999928474426","0.5074999928474426","0.5074999928474426","1812","1812","1812","0.5519000291824341","0.5519000291824341","0.5519000291824341","1812","1812","1812","0.6277999877929688","0.6277999877929688","0.6277999877929688","1812","1812","1812","0.7732999920845032","0.7732999920845032","0.7732999920845032"
"109","1829","1829","1829","0.5139999985694885","0.5139999985694885","0.5139999985694885","1829","1829","1829","0.5462999939918518","0.5462999939918518","0.5462999939918518","1829","1829","1829","0.6345000267028809","0.6345000267028809","0.6345000267028809","1829","1829","1829","0.7736999988555908","0.7736999988555908","0.7736999988555908"
"110","1846","1846","1846","0.5051000118255615","0.5051000118255615","0.5051000118255615","1846","1846","1846","0.5467000007629395","0.5467000007629395","0.5467000007629395","1846","1846","1846","0.631600022315979","0.631600022315979","0.631600022315979","1846","1846","1846","0.7728999853134155","0.7728999853134155","0.7728999853134155"
"111","1862","1862","1862","0.5105999708175659","0.5105999708175659","0.5105999708175659","1862","1862","1862","0.5511000156402588","0.5511000156402588","0.5511000156402588","1862","1862","1862","0.6323999762535095","0.6323999762535095","0.6323999762535095","1862","1862","1862","0.774399995803833","0.774399995803833","0.774399995803833"
"112","1879","1879","1879","0.5074999928474426","0.5074999928474426","0.5074999928474426","1879","1879","1879","0.5479999780654907","0.5479999780654907","0.5479999780654907","1879","1879","1879","0.6355999708175659","0.6355999708175659","0.6355999708175659","1879","1879","1879","0.7738999724388123","0.7738999724388123","0.7738999724388123"
"113","1895","1895","1895","0.5156000256538391","0.5156000256538391","0.5156000256538391","1895","1895","1895","0.5539000034332275","0.5539000034332275","0.5539000034332275","1895","1895","1895","0.6241999864578247","0.6241999864578247","0.6241999864578247","1895","1895","1895","0.7760000228881836","0.7760000228881836","0.7760000228881836"
"114","1912","1912","1912","0.508899986743927","0.508899986743927","0.508899986743927","1912","1912","1912","0.550599992275238","0.550599992275238","0.550599992275238","1912","1912","1912","0.6301000118255615","0.6301000118255615","0.6301000118255615","1912","1912","1912","0.7778000235557556","0.7778000235557556","0.7778000235557556"
"115","1929","1929","1929","0.515999972820282","0.515999972820282","0.515999972820282","1929","1929","1929","0.5529000163078308","0.5529000163078308","0.5529000163078308","1929","1929","1929","0.6373999714851379","0.6373999714851379","0.6373999714851379","1929","1929","1929","0.7748000025749207","0.7748000025749207","0.7748000025749207"
"116","1945","1945","1945","0.510699987411499","0.510699987411499","0.510699987411499","1945","1945","1945","0.5521000027656555","0.5521000027656555","0.5521000027656555","1945","1945","1945","0.6355999708175659","0.6355999708175659","0.6355999708175659","1945","1945","1945","0.7781000137329102","0.7781000137329102","0.7781000137329102"
"117","1962","1962","1962","0.5123000144958496","0.5123000144958496","0.5123000144958496","1962","1962","1962","0.5430999994277954","0.5430999994277954","0.5430999994277954","1962","1962","1962","0.6270999908447266","0.6270999908447266","0.6270999908447266","1962","1962","1962","0.7760000228881836","0.7760000228881836","0.7760000228881836"
"118","1979","1979","1979","0.5135999917984009","0.5135999917984009","0.5135999917984009","1979","1979","1979","0.5550000071525574","0.5550000071525574","0.5550000071525574","1979","1979","1979","0.6413000226020813","0.6413000226020813","0.6413000226020813","1979","1979","1979","0.7766000032424927","0.7766000032424927","0.7766000032424927"
"119","1995","1995","1995","0.5049999952316284","0.5049999952316284","0.5049999952316284","1995","1995","1995","0.5473999977111816","0.5473999977111816","0.5473999977111816","1995","1995","1995","0.636900007724762","0.636900007724762","0.636900007724762","1995","1995","1995","0.7764999866485596","0.7764999866485596","0.7764999866485596"
"120","2012","2012","2012","0.511900007724762","0.511900007724762","0.511900007724762","2012","2012","2012","0.5461999773979187","0.5461999773979187","0.5461999773979187","2012","2012","2012","0.6395000219345093","0.6395000219345093","0.6395000219345093","2012","2012","2012","0.7784000039100647","0.7784000039100647","0.7784000039100647"
"121","2029","2029","2029","0.5160999894142151","0.5160999894142151","0.5160999894142151","2029","2029","2029","0.5473999977111816","0.5473999977111816","0.5473999977111816","2029","2029","2029","0.6414999961853027","0.6414999961853027","0.6414999961853027","2029","2029","2029","0.777999997138977","0.777999997138977","0.777999997138977"
"122","2045","2045","2045","0.5142999887466431","0.5142999887466431","0.5142999887466431","2045","2045","2045","0.5490000247955322","0.5490000247955322","0.5490000247955322","2045","2045","2045","0.6363999843597412","0.6363999843597412","0.6363999843597412","2045","2045","2045","0.776199996471405","0.776199996471405","0.776199996471405"
"123","2062","2062","2062","0.5200999975204468","0.5200999975204468","0.5200999975204468","2062","2062","2062","0.5498999953269958","0.5498999953269958","0.5498999953269958","2062","2062","2062","0.640999972820282","0.640999972820282","0.640999972820282","2062","2062","2062","0.777899980545044","0.777899980545044","0.777899980545044"
"124","2079","2079","2079","0.515500009059906","0.515500009059906","0.515500009059906","2079","2079","2079","0.5554999709129333","0.5554999709129333","0.5554999709129333","2079","2079","2079","0.6377000212669373","0.6377000212669373","0.6377000212669373","2079","2079","2079","0.7785000205039978","0.7785000205039978","0.7785000205039978"
"125","2095","2095","2095","0.5116999745368958","0.5116999745368958","0.5116999745368958","2095","2095","2095","0.548799991607666","0.548799991607666","0.548799991607666","2095","2095","2095","0.640500009059906","0.640500009059906","0.640500009059906","2095","2095","2095","0.7775999903678894","0.7775999903678894","0.7775999903678894"
"126","2112","2112","2112","0.5077999830245972","0.5077999830245972","0.5077999830245972","2112","2112","2112","0.5465999841690063","0.5465999841690063","0.5465999841690063","2112","2112","2112","0.6425999999046326","0.6425999999046326","0.6425999999046326","2112","2112","2112","0.7788000106811523","0.7788000106811523","0.7788000106811523"
"127","2128","2128","2128","0.5042999982833862","0.5042999982833862","0.5042999982833862","2128","2128","2128","0.5526999831199646","0.5526999831199646","0.5526999831199646","2128","2128","2128","0.6291000247001648","0.6291000247001648","0.6291000247001648","2128","2128","2128","0.7785000205039978","0.7785000205039978","0.7785000205039978"
"128","2145","2145","2145","0.5130000114440918","0.5130000114440918","0.5130000114440918","2145","2145","2145","0.5573999881744385","0.5573999881744385","0.5573999881744385","2145","2145","2145","0.6351000070571899","0.6351000070571899","0.6351000070571899","2145","2145","2145","0.7778000235557556","0.7778000235557556","0.7778000235557556"
"129","2162","2162","2162","0.5126000046730042","0.5126000046730042","0.5126000046730042","2162","2162","2162","0.5557000041007996","0.5557000041007996","0.5557000041007996","2162","2162","2162","0.6370999813079834","0.6370999813079834","0.6370999813079834","2162","2162","2162","0.7791000008583069","0.7791000008583069","0.7791000008583069"
"130","2178","2178","2178","0.5148000121116638","0.5148000121116638","0.5148000121116638","2178","2178","2178","0.5457000136375427","0.5457000136375427","0.5457000136375427","2178","2178","2178","0.6370999813079834","0.6370999813079834","0.6370999813079834","2178","2178","2178","0.7774999737739563","0.7774999737739563","0.7774999737739563"
"131","2195","2195","2195","0.5152999758720398","0.5152999758720398","0.5152999758720398","2195","2195","2195","0.5425000190734863","0.5425000190734863","0.5425000190734863","2195","2195","2195","0.6398000121116638","0.6398000121116638","0.6398000121116638","2195","2195","2195","0.7785999774932861","0.7785999774932861","0.7785999774932861"
"132","2212","2212","2212","0.5142999887466431","0.5142999887466431","0.5142999887466431","2212","2212","2212","0.5511000156402588","0.5511000156402588","0.5511000156402588","2212","2212","2212","0.6396999955177307","0.6396999955177307","0.6396999955177307","2212","2212","2212","0.7781000137329102","0.7781000137329102","0.7781000137329102"
"133","2228","2228","2228","0.5121999979019165","0.5121999979019165","0.5121999979019165","2228","2228","2228","0.5515000224113464","0.5515000224113464","0.5515000224113464","2228","2228","2228","0.6434000134468079","0.6434000134468079","0.6434000134468079","2228","2228","2228","0.7775999903678894","0.7775999903678894","0.7775999903678894"
"134","2245","2245","2245","0.5112000107765198","0.5112000107765198","0.5112000107765198","2245","2245","2245","0.5498999953269958","0.5498999953269958","0.5498999953269958","2245","2245","2245","0.6460999846458435","0.6460999846458435","0.6460999846458435","2245","2245","2245","0.7764999866485596","0.7764999866485596","0.7764999866485596"
"135","2262","2262","2262","0.510699987411499","0.510699987411499","0.510699987411499","2262","2262","2262","0.5497000217437744","0.5497000217437744","0.5497000217437744","2262","2262","2262","0.6392999887466431","0.6392999887466431","0.6392999887466431","2262","2262","2262","0.7800999879837036","0.7800999879837036","0.7800999879837036"
"136","2278","2278","2278","0.512499988079071","0.512499988079071","0.512499988079071","2278","2278","2278","0.5507000088691711","0.5507000088691711","0.5507000088691711","2278","2278","2278","0.6355000138282776","0.6355000138282776","0.6355000138282776","2278","2278","2278","0.7781000137329102","0.7781000137329102","0.7781000137329102"
"137","2295","2295","2295","0.5121999979019165","0.5121999979019165","0.5121999979019165","2295","2295","2295","0.5511999726295471","0.5511999726295471","0.5511999726295471","2295","2295","2295","0.6248000264167786","0.6248000264167786","0.6248000264167786","2295","2295","2295","0.7778000235557556","0.7778000235557556","0.7778000235557556"
"138","2311","2311","2311","0.515999972820282","0.515999972820282","0.515999972820282","2311","2311","2311","0.550000011920929","0.550000011920929","0.550000011920929","2311","2311","2311","0.6363000273704529","0.6363000273704529","0.6363000273704529","2311","2311","2311","0.7820000052452087","0.7820000052452087","0.7820000052452087"
"139","2328","2328","2328","0.5142999887466431","0.5142999887466431","0.5142999887466431","2328","2328","2328","0.557699978351593","0.557699978351593","0.557699978351593","2328","2328","2328","0.6378999948501587","0.6378999948501587","0.6378999948501587","2328","2328","2328","0.7803999781608582","0.7803999781608582","0.7803999781608582"
"140","2345","2345","2345","0.5120999813079834","0.5120999813079834","0.5120999813079834","2345","2345","2345","0.5541999936103821","0.5541999936103821","0.5541999936103821","2345","2345","2345","0.6344000101089478","0.6344000101089478","0.6344000101089478","2345","2345","2345","0.7796000242233276","0.7796000242233276","0.7796000242233276"
"141","2361","2361","2361","0.5199999809265137","0.5199999809265137","0.5199999809265137","2361","2361","2361","0.5519999861717224","0.5519999861717224","0.5519999861717224","2361","2361","2361","0.6428999900817871","0.6428999900817871","0.6428999900817871","2361","2361","2361","0.7797999978065491","0.7797999978065491","0.7797999978065491"
"142","2378","2378","2378","0.5160999894142151","0.5160999894142151","0.5160999894142151","2378","2378","2378","0.5504999756813049","0.5504999756813049","0.5504999756813049","2378","2378","2378","0.6353999972343445","0.6353999972343445","0.6353999972343445","2378","2378","2378","0.7821000218391418","0.7821000218391418","0.7821000218391418"
"143","2395","2395","2395","0.5152999758720398","0.5152999758720398","0.5152999758720398","2395","2395","2395","0.5482000112533569","0.5482000112533569","0.5482000112533569","2395","2395","2395","0.6388999819755554","0.6388999819755554","0.6388999819755554","2395","2395","2395","0.7782999873161316","0.7782999873161316","0.7782999873161316"
"144","2411","2411","2411","0.512499988079071","0.512499988079071","0.512499988079071","2411","2411","2411","0.5583000183105469","0.5583000183105469","0.5583000183105469","2411","2411","2411","0.6392999887466431","0.6392999887466431","0.6392999887466431","2411","2411","2411","0.7817000150680542","0.7817000150680542","0.7817000150680542"
"145","2428","2428","2428","0.5110999941825867","0.5110999941825867","0.5110999941825867","2428","2428","2428","0.5501999855041504","0.5501999855041504","0.5501999855041504","2428","2428","2428","0.6299999952316284","0.6299999952316284","0.6299999952316284","2428","2428","2428","0.7795000076293945","0.7795000076293945","0.7795000076293945"
"146","2445","2445","2445","0.5116999745368958","0.5116999745368958","0.5116999745368958","2445","2445","2445","0.5527999997138977","0.5527999997138977","0.5527999997138977","2445","2445","2445","0.6312999725341797","0.6312999725341797","0.6312999725341797","2445","2445","2445","0.7770000100135803","0.7770000100135803","0.7770000100135803"
"147","2461","2461","2461","0.5095999836921692","0.5095999836921692","0.5095999836921692","2461","2461","2461","0.5568000078201294","0.5568000078201294","0.5568000078201294","2461","2461","2461","0.6283000111579895","0.6283000111579895","0.6283000111579895","2461","2461","2461","0.7797999978065491","0.7797999978065491","0.7797999978065491"
"148","2478","2478","2478","0.5135999917984009","0.5135999917984009","0.5135999917984009","2478","2478","2478","0.5551999807357788","0.5551999807357788","0.5551999807357788","2478","2478","2478","0.6373000144958496","0.6373000144958496","0.6373000144958496","2478","2478","2478","0.7785999774932861","0.7785999774932861","0.7785999774932861"
"149","2495","2495","2495","0.5116999745368958","0.5116999745368958","0.5116999745368958","2495","2495","2495","0.5608000159263611","0.5608000159263611","0.5608000159263611","2495","2495","2495","0.6427000164985657","0.6427000164985657","0.6427000164985657","2495","2495","2495","0.7800999879837036","0.7800999879837036","0.7800999879837036"
"150","2511","2511","2511","0.5134000182151794","0.5134000182151794","0.5134000182151794","2511","2511","2511","0.5576000213623047","0.5576000213623047","0.5576000213623047","2511","2511","2511","0.6452999711036682","0.6452999711036682","0.6452999711036682","2511","2511","2511","0.7793999910354614","0.7793999910354614","0.7793999910354614"
"151","2528","2528","2528","0.5249999761581421","0.5249999761581421","0.5249999761581421","2528","2528","2528","0.5647000074386597","0.5647000074386597","0.5647000074386597","2528","2528","2528","0.6450999975204468","0.6450999975204468","0.6450999975204468","2528","2528","2528","0.7803999781608582","0.7803999781608582","0.7803999781608582"
"152","2544","2544","2544","0.5218999981880188","0.5218999981880188","0.5218999981880188","2544","2544","2544","0.560699999332428","0.560699999332428","0.560699999332428","2544","2544","2544","0.6456000208854675","0.6456000208854675","0.6456000208854675","2544","2544","2544","0.7814000248908997","0.7814000248908997","0.7814000248908997"
"153","2561","2561","2561","0.5170999765396118","0.5170999765396118","0.5170999765396118","2561","2561","2561","0.5582000017166138","0.5582000017166138","0.5582000017166138","2561","2561","2561","0.6438000202178955","0.6438000202178955","0.6438000202178955","2561","2561","2561","0.7811999917030334","0.7811999917030334","0.7811999917030334"
"154","2578","2578","2578","0.5212000012397766","0.5212000012397766","0.5212000012397766","2578","2578","2578","0.5627999901771545","0.5627999901771545","0.5627999901771545","2578","2578","2578","0.6459000110626221","0.6459000110626221","0.6459000110626221","2578","2578","2578","0.779699981212616","0.779699981212616","0.779699981212616"
"155","2594","2594","2594","0.5123999714851379","0.5123999714851379","0.5123999714851379","2594","2594","2594","0.5640000104904175","0.5640000104904175","0.5640000104904175","2594","2594","2594","0.6470999717712402","0.6470999717712402","0.6470999717712402","2594","2594","2594","0.7814000248908997","0.7814000248908997","0.7814000248908997"
"156","2611","2611","2611","0.5234000086784363","0.5234000086784363","0.5234000086784363","2611","2611","2611","0.5622000098228455","0.5622000098228455","0.5622000098228455","2611","2611","2611","0.647599995136261","0.647599995136261","0.647599995136261","2611","2611","2611","0.781499981880188","0.781499981880188","0.781499981880188"
"157","2628","2628","2628","0.5188999772071838","0.5188999772071838","0.5188999772071838","2628","2628","2628","0.5611000061035156","0.5611000061035156","0.5611000061035156","2628","2628","2628","0.6449000239372253","0.6449000239372253","0.6449000239372253","2628","2628","2628","0.7817000150680542","0.7817000150680542","0.7817000150680542"
"158","2644","2644","2644","0.5145999789237976","0.5145999789237976","0.5145999789237976","2644","2644","2644","0.5598000288009644","0.5598000288009644","0.5598000288009644","2644","2644","2644","0.6481999754905701","0.6481999754905701","0.6481999754905701","2644","2644","2644","0.7803000211715698","0.7803000211715698","0.7803000211715698"
"159","2661","2661","2661","0.5153999924659729","0.5153999924659729","0.5153999924659729","2661","2661","2661","0.5629000067710876","0.5629000067710876","0.5629000067710876","2661","2661","2661","0.6480000019073486","0.6480000019073486","0.6480000019073486","2661","2661","2661","0.7820000052452087","0.7820000052452087","0.7820000052452087"
"160","2678","2678","2678","0.5181000232696533","0.5181000232696533","0.5181000232696533","2678","2678","2678","0.5605000257492065","0.5605000257492065","0.5605000257492065","2678","2678","2678","0.6471999883651733","0.6471999883651733","0.6471999883651733","2678","2678","2678","0.7799999713897705","0.7799999713897705","0.7799999713897705"
"161","2694","2694","2694","0.5092999935150146","0.5092999935150146","0.5092999935150146","2694","2694","2694","0.560699999332428","0.560699999332428","0.560699999332428","2694","2694","2694","0.6464999914169312","0.6464999914169312","0.6464999914169312","2694","2694","2694","0.7809000015258789","0.7809000015258789","0.7809000015258789"
"162","2711","2711","2711","0.5138999819755554","0.5138999819755554","0.5138999819755554","2711","2711","2711","0.5590000152587891","0.5590000152587891","0.5590000152587891","2711","2711","2711","0.6489999890327454","0.6489999890327454","0.6489999890327454","2711","2711","2711","0.7817000150680542","0.7817000150680542","0.7817000150680542"
"163","2727","2727","2727","0.515999972820282","0.515999972820282","0.515999972820282","2727","2727","2727","0.5634999871253967","0.5634999871253967","0.5634999871253967","2727","2727","2727","0.6489999890327454","0.6489999890327454","0.6489999890327454","2727","2727","2727","0.7817000150680542","0.7817000150680542","0.7817000150680542"
"164","2744","2744","2744","0.5144000053405762","0.5144000053405762","0.5144000053405762","2744","2744","2744","0.5633000135421753","0.5633000135421753","0.5633000135421753","2744","2744","2744","0.6492999792098999","0.6492999792098999","0.6492999792098999","2744","2744","2744","0.7804999947547913","0.7804999947547913","0.7804999947547913"
"165","2761","2761","2761","0.5220999717712402","0.5220999717712402","0.5220999717712402","2761","2761","2761","0.558899998664856","0.558899998664856","0.558899998664856","2761","2761","2761","0.6467000246047974","0.6467000246047974","0.6467000246047974","2761","2761","2761","0.7813000082969666","0.7813000082969666","0.7813000082969666"
"166","2777","2777","2777","0.5163999795913696","0.5163999795913696","0.5163999795913696","2777","2777","2777","0.5625","0.5625","0.5625","2777","2777","2777","0.6480000019073486","0.6480000019073486","0.6480000019073486","2777","2777","2777","0.779699981212616","0.779699981212616","0.779699981212616"
"167","2794","2794","2794","0.5162000060081482","0.5162000060081482","0.5162000060081482","2794","2794","2794","0.5623999834060669","0.5623999834060669","0.5623999834060669","2794","2794","2794","0.6449000239372253","0.6449000239372253","0.6449000239372253","2794","2794","2794","0.7802000045776367","0.7802000045776367","0.7802000045776367"
"168","2811","2811","2811","0.5156000256538391","0.5156000256538391","0.5156000256538391","2811","2811","2811","0.5562000274658203","0.5562000274658203","0.5562000274658203","2811","2811","2811","0.6480000019073486","0.6480000019073486","0.6480000019073486","2811","2811","2811","0.7821000218391418","0.7821000218391418","0.7821000218391418"
"169","2827","2827","2827","0.5109000205993652","0.5109000205993652","0.5109000205993652","2827","2827","2827","0.5609999895095825","0.5609999895095825","0.5609999895095825","2827","2827","2827","0.647599995136261","0.647599995136261","0.647599995136261","2827","2827","2827","0.7821000218391418","0.7821000218391418","0.7821000218391418"
"170","2844","2844","2844","0.5264999866485596","0.5264999866485596","0.5264999866485596","2844","2844","2844","0.5644999742507935","0.5644999742507935","0.5644999742507935","2844","2844","2844","0.6491000056266785","0.6491000056266785","0.6491000056266785","2844","2844","2844","0.781000018119812","0.781000018119812","0.781000018119812"
"171","2861","2861","2861","0.5192999839782715","0.5192999839782715","0.5192999839782715","2861","2861","2861","0.5590000152587891","0.5590000152587891","0.5590000152587891","2861","2861","2861","0.6481000185012817","0.6481000185012817","0.6481000185012817","2861","2861","2861","0.781499981880188","0.781499981880188","0.781499981880188"
"172","2877","2877","2877","0.516700029373169","0.516700029373169","0.516700029373169","2877","2877","2877","0.5641999840736389","0.5641999840736389","0.5641999840736389","2877","2877","2877","0.6444000005722046","0.6444000005722046","0.6444000005722046","2877","2877","2877","0.7817000150680542","0.7817000150680542","0.7817000150680542"
"173","2894","2894","2894","0.5198000073432922","0.5198000073432922","0.5198000073432922","2894","2894","2894","0.5583999752998352","0.5583999752998352","0.5583999752998352","2894","2894","2894","0.6471999883651733","0.6471999883651733","0.6471999883651733","2894","2894","2894","0.7807000279426575","0.7807000279426575","0.7807000279426575"
"174","2911","2911","2911","0.51419997215271","0.51419997215271","0.51419997215271","2911","2911","2911","0.5609999895095825","0.5609999895095825","0.5609999895095825","2911","2911","2911","0.6473000049591064","0.6473000049591064","0.6473000049591064","2911","2911","2911","0.7825999855995178","0.7825999855995178","0.7825999855995178"
"175","2927","2927","2927","0.5130000114440918","0.5130000114440918","0.5130000114440918","2927","2927","2927","0.5562000274658203","0.5562000274658203","0.5562000274658203","2927","2927","2927","0.6474000215530396","0.6474000215530396","0.6474000215530396","2927","2927","2927","0.7813000082969666","0.7813000082969666","0.7813000082969666"
"176","2944","2944","2944","0.5105999708175659","0.5105999708175659","0.5105999708175659","2944","2944","2944","0.5580999851226807","0.5580999851226807","0.5580999851226807","2944","2944","2944","0.6503000259399414","0.6503000259399414","0.6503000259399414","2944","2944","2944","0.7806000113487244","0.7806000113487244","0.7806000113487244"
"177","2960","2960","2960","0.5218999981880188","0.5218999981880188","0.5218999981880188","2960","2960","2960","0.5590999722480774","0.5590999722480774","0.5590999722480774","2960","2960","2960","0.6502000093460083","0.6502000093460083","0.6502000093460083","2960","2960","2960","0.781000018119812","0.781000018119812","0.781000018119812"
"178","2977","2977","2977","0.5130000114440918","0.5130000114440918","0.5130000114440918","2977","2977","2977","0.5590000152587891","0.5590000152587891","0.5590000152587891","2977","2977","2977","0.6471999883651733","0.6471999883651733","0.6471999883651733","2977","2977","2977","0.7817999720573425","0.7817999720573425","0.7817999720573425"
"179","2994","2994","2994","0.5194000005722046","0.5194000005722046","0.5194000005722046","2994","2994","2994","0.5570999979972839","0.5570999979972839","0.5570999979972839","2994","2994","2994","0.6452000141143799","0.6452000141143799","0.6452000141143799","2994","2994","2994","0.78329998254776","0.78329998254776","0.78329998254776"
"180","3010","3010","3010","0.5138999819755554","0.5138999819755554","0.5138999819755554","3010","3010","3010","0.5569000244140625","0.5569000244140625","0.5569000244140625","3010","3010","3010","0.6491000056266785","0.6491000056266785","0.6491000056266785","3010","3010","3010","0.7810999751091003","0.7810999751091003","0.7810999751091003"
"181","3027","3027","3027","0.5209000110626221","0.5209000110626221","0.5209000110626221","3027","3027","3027","0.558899998664856","0.558899998664856","0.558899998664856","3027","3027","3027","0.6460999846458435","0.6460999846458435","0.6460999846458435","3027","3027","3027","0.7810999751091003","0.7810999751091003","0.7810999751091003"
"182","3044","3044","3044","0.5167999863624573","0.5167999863624573","0.5167999863624573","3044","3044","3044","0.5608000159263611","0.5608000159263611","0.5608000159263611","3044","3044","3044","0.6492999792098999","0.6492999792098999","0.6492999792098999","3044","3044","3044","0.7811999917030334","0.7811999917030334","0.7811999917030334"
"183","3060","3060","3060","0.5238000154495239","0.5238000154495239","0.5238000154495239","3060","3060","3060","0.558899998664856","0.558899998664856","0.558899998664856","3060","3060","3060","0.6496999859809875","0.6496999859809875","0.6496999859809875","3060","3060","3060","0.7797999978065491","0.7797999978065491","0.7797999978065491"
"184","3077","3077","3077","0.5184000134468079","0.5184000134468079","0.5184000134468079","3077","3077","3077","0.559499979019165","0.559499979019165","0.559499979019165","3077","3077","3077","0.6445000171661377","0.6445000171661377","0.6445000171661377","3077","3077","3077","0.7802000045776367","0.7802000045776367","0.7802000045776367"
"185","3094","3094","3094","0.5202999711036682","0.5202999711036682","0.5202999711036682","3094","3094","3094","0.5561000108718872","0.5561000108718872","0.5561000108718872","3094","3094","3094","0.6485000252723694","0.6485000252723694","0.6485000252723694","3094","3094","3094","0.7825000286102295","0.7825000286102295","0.7825000286102295"
"186","3110","3110","3110","0.5184999704360962","0.5184999704360962","0.5184999704360962","3110","3110","3110","0.559499979019165","0.559499979019165","0.559499979019165","3110","3110","3110","0.6485999822616577","0.6485999822616577","0.6485999822616577","3110","3110","3110","0.781000018119812","0.781000018119812","0.781000018119812"
"187","3127","3127","3127","0.5189999938011169","0.5189999938011169","0.5189999938011169","3127","3127","3127","0.5622000098228455","0.5622000098228455","0.5622000098228455","3127","3127","3127","0.646399974822998","0.646399974822998","0.646399974822998","3127","3127","3127","0.7800999879837036","0.7800999879837036","0.7800999879837036"
"188","3143","3143","3143","0.5169000029563904","0.5169000029563904","0.5169000029563904","3143","3143","3143","0.5630999803543091","0.5630999803543091","0.5630999803543091","3143","3143","3143","0.6488999724388123","0.6488999724388123","0.6488999724388123","3143","3143","3143","0.7817999720573425","0.7817999720573425","0.7817999720573425"
"189","3160","3160","3160","0.5178999900817871","0.5178999900817871","0.5178999900817871","3160","3160","3160","0.5626000165939331","0.5626000165939331","0.5626000165939331","3160","3160","3160","0.6480000019073486","0.6480000019073486","0.6480000019073486","3160","3160","3160","0.7815999984741211","0.7815999984741211","0.7815999984741211"
"190","3177","3177","3177","0.5164999961853027","0.5164999961853027","0.5164999961853027","3177","3177","3177","0.5584999918937683","0.5584999918937683","0.5584999918937683","3177","3177","3177","0.6467000246047974","0.6467000246047974","0.6467000246047974","3177","3177","3177","0.7789999842643738","0.7789999842643738","0.7789999842643738"
"191","3193","3193","3193","0.5206000208854675","0.5206000208854675","0.5206000208854675","3193","3193","3193","0.5620999932289124","0.5620999932289124","0.5620999932289124","3193","3193","3193","0.6462000012397766","0.6462000012397766","0.6462000012397766","3193","3193","3193","0.7829999923706055","0.7829999923706055","0.7829999923706055"
"192","3210","3210","3210","0.5188999772071838","0.5188999772071838","0.5188999772071838","3210","3210","3210","0.566100001335144","0.566100001335144","0.566100001335144","3210","3210","3210","0.6471999883651733","0.6471999883651733","0.6471999883651733","3210","3210","3210","0.7804999947547913","0.7804999947547913","0.7804999947547913"
"193","3227","3227","3227","0.5199000239372253","0.5199000239372253","0.5199000239372253","3227","3227","3227","0.5605000257492065","0.5605000257492065","0.5605000257492065","3227","3227","3227","0.6456999778747559","0.6456999778747559","0.6456999778747559","3227","3227","3227","0.7817000150680542","0.7817000150680542","0.7817000150680542"
"194","3243","3243","3243","0.5189999938011169","0.5189999938011169","0.5189999938011169","3243","3243","3243","0.560699999332428","0.560699999332428","0.560699999332428","3243","3243","3243","0.6499999761581421","0.6499999761581421","0.6499999761581421","3243","3243","3243","0.7821000218391418","0.7821000218391418","0.7821000218391418"
"195","3260","3260","3260","0.5162000060081482","0.5162000060081482","0.5162000060081482","3260","3260","3260","0.5586000084877014","0.5586000084877014","0.5586000084877014","3260","3260","3260","0.6467999815940857","0.6467999815940857","0.6467999815940857","3260","3260","3260","0.7814000248908997","0.7814000248908997","0.7814000248908997"
"196","3277","3277","3277","0.5130000114440918","0.5130000114440918","0.5130000114440918","3277","3277","3277","0.5616999864578247","0.5616999864578247","0.5616999864578247","3277","3277","3277","0.6478999853134155","0.6478999853134155","0.6478999853134155","3277","3277","3277","0.7832000255584717","0.7832000255584717","0.7832000255584717"
"197","3293","3293","3293","0.5162000060081482","0.5162000060081482","0.5162000060081482","3293","3293","3293","0.5590000152587891","0.5590000152587891","0.5590000152587891","3293","3293","3293","0.6496999859809875","0.6496999859809875","0.6496999859809875","3293","3293","3293","0.7813000082969666","0.7813000082969666","0.7813000082969666"
"198","3310","3310","3310","0.5149000287055969","0.5149000287055969","0.5149000287055969","3310","3310","3310","0.5625","0.5625","0.5625","3310","3310","3310","0.6517000198364258","0.6517000198364258","0.6517000198364258","3310","3310","3310","0.7820000052452087","0.7820000052452087","0.7820000052452087"
"199","3327","3327","3327","0.5196999907493591","0.5196999907493591","0.5196999907493591","3327","3327","3327","0.5572999715805054","0.5572999715805054","0.5572999715805054","3327","3327","3327","0.6510999798774719","0.6510999798774719","0.6510999798774719","3327","3327","3327","0.7807999849319458","0.7807999849319458","0.7807999849319458"